,0,1
0,M.D, M.D. Equivalent
1,M.D, M.D. Equivalent
2,M.D, M.D. Equivalent
3,M.D, M.D. Equivalent
4,D.O.,
5,M.D, M.D. Equivalent
6,M.D, M.D. Equivalent
7,M.D, M.D. Equivalent
8,M.D, M.D. Equivalent
9,M.D, M.D. Equivalent
10,M.D, M.D. Equivalent
11,M.D, M.D. Equivalent
12,M.D, M.D. Equivalent
13,M.D, M.D. Equivalent
14,M.D, M.D. Equivalent
15,M.D, M.D. Equivalent
16,M.D, M.D. Equivalent
17,M.D, M.D. Equivalent
18,M.D, M.D. Equivalent
19,M.D, M.D. Equivalent
20,D.O.,
21,M.D, M.D. Equivalent
22,M.D, M.D. Equivalent
23,M.D, M.D. Equivalent
24,M.D, M.D. Equivalent
25,M.D, M.D. Equivalent
26,M.D, M.D. Equivalent
27,M.D, M.D. Equivalent
28,M.D, M.D. Equivalent
29,M.D, M.D. Equivalent
30,M.D, M.D. Equivalent
31,M.D, M.D. Equivalent
32,D.O.,
33,M.D, M.D. Equivalent
34,M.D, M.D. Equivalent
35,M.D, M.D. Equivalent
36,M.D, M.D. Equivalent
37,M.D, M.D. Equivalent
38,M.D, M.D. Equivalent
39,M.D, M.D. Equivalent
40,M.D, M.D. Equivalent
41,M.D, M.D. Equivalent
42,M.D, M.D. Equivalent
43,M.D, M.D. Equivalent
44,M.D, M.D. Equivalent
45,M.D, M.D. Equivalent
46,D.O.,
47,M.D, M.D. Equivalent
48,M.D, M.D. Equivalent
49,M.D, M.D. Equivalent
50,M.D, M.D. Equivalent
51,M.D, M.D. Equivalent
52,M.D, M.D. Equivalent
53,M.D, M.D. Equivalent
54,M.D, M.D. Equivalent
55,M.D, M.D. Equivalent
56,M.D, M.D. Equivalent
57,M.D, M.D. Equivalent
58,M.D, M.D. Equivalent
59,M.D, M.D. Equivalent
60,M.D, M.D. Equivalent
61,M.D, M.D. Equivalent
62,M.D, M.D. Equivalent
63,M.D, M.D. Equivalent
64,M.D, M.D. Equivalent
65,M.D, M.D. Equivalent
66,M.D, M.D. Equivalent
67,M.D, M.D. Equivalent
68,M.D, M.D. Equivalent
69,M.D, M.D. Equivalent
70,M.D, M.D. Equivalent
71,M.D, M.D. Equivalent
72,M.D, M.D. Equivalent
73,M.D, M.D. Equivalent
74,M.D, M.D. Equivalent
75,M.D, M.D. Equivalent
76,M.D, M.D. Equivalent
77,M.D, M.D. Equivalent
78,D.O.,
79,M.D, M.D. Equivalent
80,M.D, M.D. Equivalent
81,M.D, M.D. Equivalent
82,M.D, M.D. Equivalent
83,M.D, M.D. Equivalent
84,M.D, M.D. Equivalent
85,M.D, M.D. Equivalent
86,M.D, M.D. Equivalent
87,M.D, M.D. Equivalent
88,M.D, M.D. Equivalent
89,M.D, M.D. Equivalent
90,M.D, M.D. Equivalent
91,M.D, M.D. Equivalent
92,M.D, M.D. Equivalent
93,M.D, M.D. Equivalent
94,M.D, M.D. Equivalent
95,M.D, M.D. Equivalent
96,M.D, M.D. Equivalent
97,M.D, M.D. Equivalent
98,M.D, M.D. Equivalent
99,M.D, M.D. Equivalent
100,M.D, M.D. Equivalent
101,M.D, M.D. Equivalent
102,M.D, M.D. Equivalent
103,M.D, M.D. Equivalent
104,M.D, M.D. Equivalent
105,M.D, M.D. Equivalent
106,M.D, M.D. Equivalent
107,M.D, M.D. Equivalent
108,M.D, M.D. Equivalent
109,M.D, M.D. Equivalent
110,M.D, M.D. Equivalent
111,M.D, M.D. Equivalent
112,M.D, M.D. Equivalent
113,M.D, M.D. Equivalent
114,M.D, M.D. Equivalent
115,M.D, M.D. Equivalent
116,M.D, M.D. Equivalent
117,M.D, M.D. Equivalent
118,M.D, M.D. Equivalent
119,M.D, M.D. Equivalent
120,M.D, M.D. Equivalent
121,M.D, M.D. Equivalent
122,M.D, M.D. Equivalent
123,M.D, M.D. Equivalent
124,M.D, M.D. Equivalent
125,M.D, M.D. Equivalent
126,M.D, M.D. Equivalent
127,M.D, M.D. Equivalent
128,M.D, M.D. Equivalent
129,M.D, M.D. Equivalent
130,M.D, M.D. Equivalent
131,M.D, M.D. Equivalent
132,M.D, M.D. Equivalent
133,M.D, M.D. Equivalent
134,M.D, M.D. Equivalent
135,M.D, M.D. Equivalent
136,M.D, M.D. Equivalent
137,M.D, M.D. Equivalent
138,M.D, M.D. Equivalent
139,M.D, M.D. Equivalent
140,M.D, M.D. Equivalent
141,M.D, M.D. Equivalent
142,M.D, M.D. Equivalent
143,M.D, M.D. Equivalent
144,M.D, M.D. Equivalent
145,M.D, M.D. Equivalent
146,M.D, M.D. Equivalent
147,M.D, M.D. Equivalent
148,M.D, M.D. Equivalent
149,M.D, M.D. Equivalent
150,M.D, M.D. Equivalent
151,M.D, M.D. Equivalent
152,M.D, M.D. Equivalent
153,M.D, M.D. Equivalent
154,M.D, M.D. Equivalent
155,M.D, M.D. Equivalent
156,M.D, M.D. Equivalent
157,M.D, M.D. Equivalent
158,M.D, M.D. Equivalent
159,M.D, M.D. Equivalent
160,M.D, M.D. Equivalent
161,M.D, M.D. Equivalent
162,M.D, M.D. Equivalent
163,M.D, M.D. Equivalent
164,M.D, M.D. Equivalent
165,M.D, M.D. Equivalent
166,M.D, M.D. Equivalent
167,M.D, M.D. Equivalent
168,M.D, M.D. Equivalent
169,M.D, M.D. Equivalent
170,M.D, M.D. Equivalent
171,M.D, M.D. Equivalent
172,M.D, M.D. Equivalent
173,M.D, M.D. Equivalent
174,M.D, M.D. Equivalent
175,M.D, M.D. Equivalent
176,M.D, M.D. Equivalent
177,M.D, M.D. Equivalent
178,M.D, M.D. Equivalent
179,M.D, M.D. Equivalent
180,M.D, M.D. Equivalent
181,M.D, M.D. Equivalent
182,M.D, M.D. Equivalent
183,M.D, M.D. Equivalent
184,M.D, M.D. Equivalent
185,M.D, M.D. Equivalent
186,M.D, M.D. Equivalent
187,M.D, M.D. Equivalent
188,M.D, M.D. Equivalent
189,M.D, M.D. Equivalent
190,M.D, M.D. Equivalent
191,M.D, M.D. Equivalent
192,M.D, M.D. Equivalent
193,M.D, M.D. Equivalent
194,M.D, M.D. Equivalent
195,M.D, M.D. Equivalent
196,M.D, M.D. Equivalent
197,M.D, M.D. Equivalent
198,M.D, M.D. Equivalent
199,M.D, M.D. Equivalent
200,M.D, M.D. Equivalent
201,M.D, M.D. Equivalent
202,M.D, M.D. Equivalent
203,M.D, M.D. Equivalent
204,M.D, M.D. Equivalent
205,M.D, M.D. Equivalent
206,M.D, M.D. Equivalent
207,M.D, M.D. Equivalent
208,M.D, M.D. Equivalent
209,M.D, M.D. Equivalent
210,M.D, M.D. Equivalent
211,M.D, M.D. Equivalent
212,M.D, M.D. Equivalent
213,M.D, M.D. Equivalent
214,D.O.,
215,M.D, M.D. Equivalent
216,M.D, M.D. Equivalent
217,M.D, M.D. Equivalent
218,M.D, M.D. Equivalent
219,M.D, M.D. Equivalent
220,M.D, M.D. Equivalent
221,M.D, M.D. Equivalent
222,M.D, M.D. Equivalent
223,M.D, M.D. Equivalent
224,M.D, M.D. Equivalent
225,M.D, M.D. Equivalent
226,M.D, M.D. Equivalent
227,M.D, M.D. Equivalent
228,M.D, M.D. Equivalent
229,M.D, M.D. Equivalent
230,M.D, M.D. Equivalent
231,M.D, M.D. Equivalent
232,M.D, M.D. Equivalent
233,M.D, M.D. Equivalent
234,M.D, M.D. Equivalent
235,M.D, M.D. Equivalent
236,M.D, M.D. Equivalent
237,M.D, M.D. Equivalent
238,M.D, M.D. Equivalent
239,M.D, M.D. Equivalent
240,M.D, M.D. Equivalent
241,M.D, M.D. Equivalent
242,M.D, M.D. Equivalent
243,M.D, M.D. Equivalent
244,M.D, M.D. Equivalent
245,M.D, M.D. Equivalent
246,M.D, M.D. Equivalent
247,M.D, M.D. Equivalent
248,M.D, M.D. Equivalent
249,M.D, M.D. Equivalent
250,M.D, M.D. Equivalent
251,M.D, M.D. Equivalent
252,M.D, M.D. Equivalent
253,M.D, M.D. Equivalent
254,M.D, M.D. Equivalent
255,M.D, M.D. Equivalent
256,M.D, M.D. Equivalent
257,M.D, M.D. Equivalent
258,M.D, M.D. Equivalent
259,M.D, M.D. Equivalent
260,M.D, M.D. Equivalent
261,M.D, M.D. Equivalent
262,M.D, M.D. Equivalent
263,M.D, M.D. Equivalent
264,M.D, M.D. Equivalent
265,M.D, M.D. Equivalent
266,M.D, M.D. Equivalent
267,M.D, M.D. Equivalent
268,M.D, M.D. Equivalent
269,M.D, M.D. Equivalent
270,M.D, M.D. Equivalent
271,M.D, M.D. Equivalent
272,M.D, M.D. Equivalent
273,M.D, M.D. Equivalent
274,M.D, M.D. Equivalent
275,M.D, M.D. Equivalent
276,M.D, M.D. Equivalent
277,M.D, M.D. Equivalent
278,M.D, M.D. Equivalent
279,M.D, M.D. Equivalent
280,M.D, M.D. Equivalent
281,M.D, M.D. Equivalent
282,M.D, M.D. Equivalent
283,M.D, M.D. Equivalent
284,M.D, M.D. Equivalent
285,M.D, M.D. Equivalent
286,M.D, M.D. Equivalent
287,M.D, M.D. Equivalent
288,M.D, M.D. Equivalent
289,M.D, M.D. Equivalent
290,M.D, M.D. Equivalent
291,M.D, M.D. Equivalent
292,M.D, M.D. Equivalent
293,M.D, M.D. Equivalent
294,D.O.,
295,M.D, M.D. Equivalent
296,M.D, M.D. Equivalent
297,M.D, M.D. Equivalent
298,M.D, M.D. Equivalent
299,D.O.,
300,M.D, M.D. Equivalent
301,M.D, M.D. Equivalent
302,M.D, M.D. Equivalent
303,M.D, M.D. Equivalent
304,M.D, M.D. Equivalent
305,M.D, M.D. Equivalent
306,M.D, M.D. Equivalent
307,M.D, M.D. Equivalent
308,M.D, M.D. Equivalent
309,M.D, M.D. Equivalent
310,M.D, M.D. Equivalent
311,M.D, M.D. Equivalent
312,M.D, M.D. Equivalent
313,M.D, M.D. Equivalent
314,M.D, M.D. Equivalent
315,M.D, M.D. Equivalent
316,M.D, M.D. Equivalent
317,M.D, M.D. Equivalent
318,M.D, M.D. Equivalent
319,M.D, M.D. Equivalent
320,M.D, M.D. Equivalent
321,M.D, M.D. Equivalent
322,M.D, M.D. Equivalent
323,M.D, M.D. Equivalent
324,M.D, M.D. Equivalent
325,M.D, M.D. Equivalent
326,M.D, M.D. Equivalent
327,M.D, M.D. Equivalent
328,M.D, M.D. Equivalent
329,M.D, M.D. Equivalent
330,M.D, M.D. Equivalent
331,M.D, M.D. Equivalent
332,M.D, M.D. Equivalent
333,M.D, M.D. Equivalent
334,M.D, M.D. Equivalent
335,D.O.,
336,M.D, M.D. Equivalent
337,M.D, M.D. Equivalent
338,M.D, M.D. Equivalent
339,M.D, M.D. Equivalent
340,M.D, M.D. Equivalent
341,M.D, M.D. Equivalent
342,M.D, M.D. Equivalent
343,M.D, M.D. Equivalent
344,M.D, M.D. Equivalent
345,M.D, M.D. Equivalent
346,M.D, M.D. Equivalent
347,M.D, M.D. Equivalent
348,M.D, M.D. Equivalent
349,M.D, M.D. Equivalent
350,M.D, M.D. Equivalent
351,M.D, M.D. Equivalent
352,M.D, M.D. Equivalent
353,M.D, M.D. Equivalent
354,M.D, M.D. Equivalent
355,M.D, M.D. Equivalent
356,M.D, M.D. Equivalent
357,M.D, M.D. Equivalent
358,M.D, M.D. Equivalent
359,M.D, M.D. Equivalent
360,M.D, M.D. Equivalent
361,M.D, M.D. Equivalent
362,M.D, M.D. Equivalent
363,M.D, M.D. Equivalent
364,M.D, M.D. Equivalent
365,M.D, M.D. Equivalent
366,M.D, M.D. Equivalent
367,M.D, M.D. Equivalent
368,M.D, M.D. Equivalent
369,M.D, M.D. Equivalent
370,M.D, M.D. Equivalent
371,M.D, M.D. Equivalent
372,M.D, M.D. Equivalent
373,M.D, M.D. Equivalent
374,M.D, M.D. Equivalent
375,M.D, M.D. Equivalent
376,M.D, M.D. Equivalent
377,M.D, M.D. Equivalent
378,M.D, M.D. Equivalent
379,M.D, M.D. Equivalent
380,M.D, M.D. Equivalent
381,M.D, M.D. Equivalent
382,M.D, M.D. Equivalent
383,M.D, M.D. Equivalent
384,M.D, M.D. Equivalent
385,M.D, M.D. Equivalent
386,M.D, M.D. Equivalent
387,M.D, M.D. Equivalent
388,M.D, M.D. Equivalent
389,M.D, M.D. Equivalent
390,M.D, M.D. Equivalent
391,M.D, M.D. Equivalent
392,M.D, M.D. Equivalent
393,M.D, M.D. Equivalent
394,M.D, M.D. Equivalent
395,M.D, M.D. Equivalent
396,M.D, M.D. Equivalent
397,M.D, M.D. Equivalent
398,M.D, M.D. Equivalent
399,M.D, M.D. Equivalent
400,M.D, M.D. Equivalent
401,M.D, M.D. Equivalent
402,M.D, M.D. Equivalent
403,M.D, M.D. Equivalent
404,M.D, M.D. Equivalent
405,M.D, M.D. Equivalent
406,M.D, M.D. Equivalent
407,M.D, M.D. Equivalent
408,M.D, M.D. Equivalent
409,M.D, M.D. Equivalent
410,M.D, M.D. Equivalent
411,M.D, M.D. Equivalent
412,M.D, M.D. Equivalent
413,M.D, M.D. Equivalent
414,M.D, M.D. Equivalent
415,M.D, M.D. Equivalent
416,M.D, M.D. Equivalent
417,M.D, M.D. Equivalent
418,M.D, M.D. Equivalent
419,M.D, M.D. Equivalent
420,M.D, M.D. Equivalent
421,M.D, M.D. Equivalent
422,M.D, M.D. Equivalent
423,M.D, M.D. Equivalent
424,M.D, M.D. Equivalent
425,M.D, M.D. Equivalent
426,M.D, M.D. Equivalent
427,M.D, M.D. Equivalent
428,D.O.,
429,M.D, M.D. Equivalent
430,M.D, M.D. Equivalent
431,M.D, M.D. Equivalent
432,M.D, M.D. Equivalent
433,M.D, M.D. Equivalent
434,M.D, M.D. Equivalent
435,M.D, M.D. Equivalent
436,M.D, M.D. Equivalent
437,M.D, M.D. Equivalent
438,M.D, M.D. Equivalent
439,M.D, M.D. Equivalent
440,M.D, M.D. Equivalent
441,M.D, M.D. Equivalent
442,M.D, M.D. Equivalent
443,M.D, M.D. Equivalent
444,M.D, M.D. Equivalent
445,M.D, M.D. Equivalent
446,M.D, M.D. Equivalent
447,M.D, M.D. Equivalent
448,M.D, M.D. Equivalent
449,M.D, M.D. Equivalent
450,M.D, M.D. Equivalent
451,M.D, M.D. Equivalent
452,M.D, M.D. Equivalent
453,M.D, M.D. Equivalent
454,M.D, M.D. Equivalent
455,M.D, M.D. Equivalent
456,M.D, M.D. Equivalent
457,M.D, M.D. Equivalent
458,M.D, M.D. Equivalent
459,M.D, M.D. Equivalent
460,M.D, M.D. Equivalent
461,M.D, M.D. Equivalent
462,M.D, M.D. Equivalent
463,M.D, M.D. Equivalent
464,D.O.,
465,M.D, M.D. Equivalent
466,M.D, M.D. Equivalent
467,M.D, M.D. Equivalent
468,M.D, M.D. Equivalent
469,M.D, M.D. Equivalent
470,M.D, M.D. Equivalent
471,M.D, M.D. Equivalent
472,M.D, M.D. Equivalent
473,M.D, M.D. Equivalent
474,M.D, M.D. Equivalent
475,M.D, M.D. Equivalent
476,M.D, M.D. Equivalent
477,M.D, M.D. Equivalent
478,M.D, M.D. Equivalent
479,M.D, M.D. Equivalent
480,M.D, M.D. Equivalent
481,M.D, M.D. Equivalent
482,M.D, M.D. Equivalent
483,M.D, M.D. Equivalent
484,M.D, M.D. Equivalent
485,M.D, M.D. Equivalent
486,M.D, M.D. Equivalent
487,M.D, M.D. Equivalent
488,M.D, M.D. Equivalent
489,M.D, M.D. Equivalent
490,M.D, M.D. Equivalent
491,M.D, M.D. Equivalent
492,M.D, M.D. Equivalent
493,M.D, M.D. Equivalent
494,M.D, M.D. Equivalent
495,M.D, M.D. Equivalent
496,M.D, M.D. Equivalent
497,M.D, M.D. Equivalent
498,M.D, M.D. Equivalent
499,M.D, M.D. Equivalent
500,M.D, M.D. Equivalent
501,M.D, M.D. Equivalent
502,M.D, M.D. Equivalent
503,M.D, M.D. Equivalent
504,M.D, M.D. Equivalent
505,M.D, M.D. Equivalent
506,M.D, M.D. Equivalent
507,M.D, M.D. Equivalent
508,M.D, M.D. Equivalent
509,M.D, M.D. Equivalent
510,M.D, M.D. Equivalent
511,M.D, M.D. Equivalent
512,M.D, M.D. Equivalent
513,M.D, M.D. Equivalent
514,M.D, M.D. Equivalent
515,M.D, M.D. Equivalent
516,M.D, M.D. Equivalent
517,M.D, M.D. Equivalent
518,M.D, M.D. Equivalent
519,M.D, M.D. Equivalent
520,M.D, M.D. Equivalent
521,M.D, M.D. Equivalent
522,M.D, M.D. Equivalent
523,M.D, M.D. Equivalent
524,M.D, M.D. Equivalent
525,M.D, M.D. Equivalent
526,M.D, M.D. Equivalent
527,M.D, M.D. Equivalent
528,M.D, M.D. Equivalent
529,M.D, M.D. Equivalent
530,M.D, M.D. Equivalent
531,M.D, M.D. Equivalent
532,M.D, M.D. Equivalent
533,M.D, M.D. Equivalent
534,M.D, M.D. Equivalent
535,M.D, M.D. Equivalent
536,M.D, M.D. Equivalent
537,M.D, M.D. Equivalent
538,M.D, M.D. Equivalent
539,M.D, M.D. Equivalent
540,M.D, M.D. Equivalent
541,M.D, M.D. Equivalent
542,M.D, M.D. Equivalent
543,M.D, M.D. Equivalent
544,M.D, M.D. Equivalent
545,M.D, M.D. Equivalent
546,M.D, M.D. Equivalent
547,M.D, M.D. Equivalent
548,M.D, M.D. Equivalent
549,M.D, M.D. Equivalent
550,M.D, M.D. Equivalent
551,M.D, M.D. Equivalent
552,M.D, M.D. Equivalent
553,M.D, M.D. Equivalent
554,M.D, M.D. Equivalent
555,M.D, M.D. Equivalent
556,M.D, M.D. Equivalent
557,M.D, M.D. Equivalent
558,M.D, M.D. Equivalent
559,M.D, M.D. Equivalent
560,M.D, M.D. Equivalent
561,M.D, M.D. Equivalent
562,M.D, M.D. Equivalent
563,M.D, M.D. Equivalent
564,M.D, M.D. Equivalent
565,M.D, M.D. Equivalent
566,M.D, M.D. Equivalent
567,M.D, M.D. Equivalent
568,M.D, M.D. Equivalent
569,M.D, M.D. Equivalent
570,M.D, M.D. Equivalent
571,M.D, M.D. Equivalent
572,M.D, M.D. Equivalent
573,M.D, M.D. Equivalent
574,M.D, M.D. Equivalent
575,M.D, M.D. Equivalent
576,M.D, M.D. Equivalent
577,M.D, M.D. Equivalent
578,M.D, M.D. Equivalent
579,M.D, M.D. Equivalent
580,M.D, M.D. Equivalent
581,M.D, M.D. Equivalent
582,M.D, M.D. Equivalent
583,M.D, M.D. Equivalent
584,M.D, M.D. Equivalent
585,M.D, M.D. Equivalent
586,M.D, M.D. Equivalent
587,M.D, M.D. Equivalent
588,M.D, M.D. Equivalent
589,M.D, M.D. Equivalent
590,M.D, M.D. Equivalent
591,M.D, M.D. Equivalent
592,M.D, M.D. Equivalent
593,M.D, M.D. Equivalent
594,M.D, M.D. Equivalent
595,M.D, M.D. Equivalent
596,M.D, M.D. Equivalent
597,M.D, M.D. Equivalent
598,M.D, M.D. Equivalent
599,M.D, M.D. Equivalent
600,M.D, M.D. Equivalent
601,M.D, M.D. Equivalent
602,M.D, M.D. Equivalent
603,M.D, M.D. Equivalent
604,M.D, M.D. Equivalent
605,M.D, M.D. Equivalent
606,D.O.,
607,M.D, M.D. Equivalent
608,M.D, M.D. Equivalent
609,M.D, M.D. Equivalent
610,M.D, M.D. Equivalent
611,M.D, M.D. Equivalent
612,M.D, M.D. Equivalent
613,M.D, M.D. Equivalent
614,M.D, M.D. Equivalent
615,M.D, M.D. Equivalent
616,M.D, M.D. Equivalent
617,M.D, M.D. Equivalent
618,M.D, M.D. Equivalent
619,M.D, M.D. Equivalent
620,M.D, M.D. Equivalent
621,M.D, M.D. Equivalent
622,M.D, M.D. Equivalent
623,M.D, M.D. Equivalent
624,M.D, M.D. Equivalent
625,M.D, M.D. Equivalent
626,M.D, M.D. Equivalent
627,M.D, M.D. Equivalent
628,M.D, M.D. Equivalent
629,M.D, M.D. Equivalent
630,M.D, M.D. Equivalent
631,M.D, M.D. Equivalent
632,M.D, M.D. Equivalent
633,M.D, M.D. Equivalent
634,M.D, M.D. Equivalent
635,M.D, M.D. Equivalent
636,M.D, M.D. Equivalent
637,M.D, M.D. Equivalent
638,M.D, M.D. Equivalent
639,M.D, M.D. Equivalent
640,M.D, M.D. Equivalent
641,M.D, M.D. Equivalent
642,M.D, M.D. Equivalent
643,M.D, M.D. Equivalent
644,M.D, M.D. Equivalent
645,M.D, M.D. Equivalent
646,M.D, M.D. Equivalent
647,M.D, M.D. Equivalent
648,M.D, M.D. Equivalent
649,D.O.,
650,M.D, M.D. Equivalent
651,M.D, M.D. Equivalent
652,M.D, M.D. Equivalent
653,M.D, M.D. Equivalent
654,M.D, M.D. Equivalent
655,D.O.,
656,M.D, M.D. Equivalent
657,M.D, M.D. Equivalent
658,M.D, M.D. Equivalent
659,M.D, M.D. Equivalent
660,M.D, M.D. Equivalent
661,M.D, M.D. Equivalent
662,M.D, M.D. Equivalent
663,M.D, M.D. Equivalent
664,M.D, M.D. Equivalent
665,M.D, M.D. Equivalent
666,M.D, M.D. Equivalent
667,D.O.,
668,D.O.,
669,M.D, M.D. Equivalent
670,M.D, M.D. Equivalent
671,M.D, M.D. Equivalent
672,M.D, M.D. Equivalent
673,M.D, M.D. Equivalent
674,M.D, M.D. Equivalent
675,M.D, M.D. Equivalent
676,M.D, M.D. Equivalent
677,M.D, M.D. Equivalent
678,M.D, M.D. Equivalent
679,M.D, M.D. Equivalent
680,M.D, M.D. Equivalent
681,M.D, M.D. Equivalent
682,M.D, M.D. Equivalent
683,M.D, M.D. Equivalent
684,M.D, M.D. Equivalent
685,M.D, M.D. Equivalent
686,M.D, M.D. Equivalent
687,M.D, M.D. Equivalent
688,M.D, M.D. Equivalent
689,M.D, M.D. Equivalent
690,M.D, M.D. Equivalent
691,M.D, M.D. Equivalent
692,M.D, M.D. Equivalent
693,M.D, M.D. Equivalent
694,M.D, M.D. Equivalent
695,M.D, M.D. Equivalent
696,M.D, M.D. Equivalent
697,M.D, M.D. Equivalent
698,M.D, M.D. Equivalent
699,M.D, M.D. Equivalent
700,M.D, M.D. Equivalent
701,M.D, M.D. Equivalent
702,M.D, M.D. Equivalent
703,M.D, M.D. Equivalent
704,M.D, M.D. Equivalent
705,M.D, M.D. Equivalent
706,D.O.,
707,M.D, M.D. Equivalent
708,M.D, M.D. Equivalent
709,M.D, M.D. Equivalent
710,M.D, M.D. Equivalent
711,M.D, M.D. Equivalent
712,M.D, M.D. Equivalent
713,M.D, M.D. Equivalent
714,M.D, M.D. Equivalent
715,M.D, M.D. Equivalent
716,M.D, M.D. Equivalent
717,M.D, M.D. Equivalent
718,M.D, M.D. Equivalent
719,M.D, M.D. Equivalent
720,M.D, M.D. Equivalent
721,M.D, M.D. Equivalent
722,M.D, M.D. Equivalent
723,M.D, M.D. Equivalent
724,M.D, M.D. Equivalent
725,M.D, M.D. Equivalent
726,M.D, M.D. Equivalent
727,M.D, M.D. Equivalent
728,M.D, M.D. Equivalent
729,M.D, M.D. Equivalent
730,M.D, M.D. Equivalent
731,M.D, M.D. Equivalent
732,M.D, M.D. Equivalent
733,D.O.,
734,M.D, M.D. Equivalent
735,M.D, M.D. Equivalent
736,M.D, M.D. Equivalent
737,M.D, M.D. Equivalent
738,M.D, M.D. Equivalent
739,M.D, M.D. Equivalent
740,M.D, M.D. Equivalent
741,M.D, M.D. Equivalent
742,M.D, M.D. Equivalent
743,M.D, M.D. Equivalent
744,M.D, M.D. Equivalent
745,M.D, M.D. Equivalent
746,M.D, M.D. Equivalent
747,M.D, M.D. Equivalent
748,M.D, M.D. Equivalent
749,M.D, M.D. Equivalent
750,M.D, M.D. Equivalent
751,M.D, M.D. Equivalent
752,M.D, M.D. Equivalent
753,M.D, M.D. Equivalent
754,M.D, M.D. Equivalent
755,M.D, M.D. Equivalent
756,M.D, M.D. Equivalent
757,M.D, M.D. Equivalent
758,M.D, M.D. Equivalent
759,M.D, M.D. Equivalent
760,M.D, M.D. Equivalent
761,M.D, M.D. Equivalent
762,M.D, M.D. Equivalent
763,M.D, M.D. Equivalent
764,M.D, M.D. Equivalent
765,M.D, M.D. Equivalent
766,M.D, M.D. Equivalent
767,D.O.,
768,M.D, M.D. Equivalent
769,M.D, M.D. Equivalent
770,M.D, M.D. Equivalent
771,M.D, M.D. Equivalent
772,M.D, M.D. Equivalent
773,M.D, M.D. Equivalent
774,M.D, M.D. Equivalent
775,D.O.,
776,M.D, M.D. Equivalent
777,M.D, M.D. Equivalent
778,D.O.,
779,M.D, M.D. Equivalent
780,M.D, M.D. Equivalent
781,M.D, M.D. Equivalent
782,M.D, M.D. Equivalent
783,M.D, M.D. Equivalent
784,M.D, M.D. Equivalent
785,M.D, M.D. Equivalent
786,M.D, M.D. Equivalent
787,M.D, M.D. Equivalent
788,M.D, M.D. Equivalent
789,M.D, M.D. Equivalent
790,M.D, M.D. Equivalent
791,M.D, M.D. Equivalent
792,M.D, M.D. Equivalent
793,M.D, M.D. Equivalent
794,M.D, M.D. Equivalent
795,M.D, M.D. Equivalent
796,M.D, M.D. Equivalent
797,M.D, M.D. Equivalent
798,M.D, M.D. Equivalent
799,M.D, M.D. Equivalent
800,M.D, M.D. Equivalent
801,M.D, M.D. Equivalent
802,M.D, M.D. Equivalent
803,M.D, M.D. Equivalent
804,M.D, M.D. Equivalent
805,M.D, M.D. Equivalent
806,M.D, M.D. Equivalent
807,M.D, M.D. Equivalent
808,M.D, M.D. Equivalent
809,M.D, M.D. Equivalent
810,M.D, M.D. Equivalent
811,M.D, M.D. Equivalent
812,M.D, M.D. Equivalent
813,M.D, M.D. Equivalent
814,D.O.,
815,M.D, M.D. Equivalent
816,M.D, M.D. Equivalent
817,M.D, M.D. Equivalent
818,M.D, M.D. Equivalent
819,M.D, M.D. Equivalent
820,M.D, M.D. Equivalent
821,M.D, M.D. Equivalent
822,M.D, M.D. Equivalent
823,M.D, M.D. Equivalent
824,M.D, M.D. Equivalent
825,M.D, M.D. Equivalent
826,M.D, M.D. Equivalent
827,D.O.,
828,D.O.,
829,M.D, M.D. Equivalent
830,M.D, M.D. Equivalent
831,M.D, M.D. Equivalent
832,M.D, M.D. Equivalent
833,M.D, M.D. Equivalent
834,M.D, M.D. Equivalent
835,M.D, M.D. Equivalent
836,M.D, M.D. Equivalent
837,M.D, M.D. Equivalent
838,M.D, M.D. Equivalent
839,M.D, M.D. Equivalent
840,M.D, M.D. Equivalent
841,M.D, M.D. Equivalent
842,M.D, M.D. Equivalent
843,M.D, M.D. Equivalent
844,M.D, M.D. Equivalent
845,M.D, M.D. Equivalent
846,M.D, M.D. Equivalent
847,M.D, M.D. Equivalent
848,M.D, M.D. Equivalent
849,M.D, M.D. Equivalent
850,M.D, M.D. Equivalent
851,M.D, M.D. Equivalent
852,M.D, M.D. Equivalent
853,M.D, M.D. Equivalent
854,M.D, M.D. Equivalent
855,M.D, M.D. Equivalent
856,M.D, M.D. Equivalent
857,M.D, M.D. Equivalent
858,M.D, M.D. Equivalent
859,M.D, M.D. Equivalent
860,M.D, M.D. Equivalent
861,M.D, M.D. Equivalent
862,M.D, M.D. Equivalent
863,D.O.,
864,M.D, M.D. Equivalent
865,M.D, M.D. Equivalent
866,M.D, M.D. Equivalent
867,M.D, M.D. Equivalent
868,M.D, M.D. Equivalent
869,M.D, M.D. Equivalent
870,D.O.,
871,M.D, M.D. Equivalent
872,M.D, M.D. Equivalent
873,M.D, M.D. Equivalent
874,M.D, M.D. Equivalent
875,M.D, M.D. Equivalent
876,M.D, M.D. Equivalent
877,M.D, M.D. Equivalent
878,M.D, M.D. Equivalent
879,M.D, M.D. Equivalent
880,M.D, M.D. Equivalent
881,M.D, M.D. Equivalent
882,M.D, M.D. Equivalent
883,M.D, M.D. Equivalent
884,M.D, M.D. Equivalent
885,M.D, M.D. Equivalent
886,M.D, M.D. Equivalent
887,M.D, M.D. Equivalent
888,D.O.,
889,M.D, M.D. Equivalent
890,M.D, M.D. Equivalent
891,M.D, M.D. Equivalent
892,M.D, M.D. Equivalent
893,M.D, M.D. Equivalent
894,M.D, M.D. Equivalent
895,M.D, M.D. Equivalent
896,M.D, M.D. Equivalent
897,M.D, M.D. Equivalent
898,M.D, M.D. Equivalent
899,M.D, M.D. Equivalent
900,M.D, M.D. Equivalent
901,D.O.,
902,M.D, M.D. Equivalent
903,M.D, M.D. Equivalent
904,M.D, M.D. Equivalent
905,M.D, M.D. Equivalent
906,M.D, M.D. Equivalent
907,M.D, M.D. Equivalent
908,M.D, M.D. Equivalent
909,M.D, M.D. Equivalent
910,M.D, M.D. Equivalent
911,M.D, M.D. Equivalent
912,M.D, M.D. Equivalent
913,M.D, M.D. Equivalent
914,M.D, M.D. Equivalent
915,M.D, M.D. Equivalent
916,M.D, M.D. Equivalent
917,M.D, M.D. Equivalent
918,M.D, M.D. Equivalent
919,M.D, M.D. Equivalent
920,M.D, M.D. Equivalent
921,M.D, M.D. Equivalent
922,M.D, M.D. Equivalent
923,M.D, M.D. Equivalent
924,M.D, M.D. Equivalent
925,M.D, M.D. Equivalent
926,M.D, M.D. Equivalent
927,M.D, M.D. Equivalent
928,M.D, M.D. Equivalent
929,M.D, M.D. Equivalent
930,M.D, M.D. Equivalent
931,M.D, M.D. Equivalent
932,M.D, M.D. Equivalent
933,M.D, M.D. Equivalent
934,M.D, M.D. Equivalent
935,M.D, M.D. Equivalent
936,M.D, M.D. Equivalent
937,M.D, M.D. Equivalent
938,M.D, M.D. Equivalent
939,M.D, M.D. Equivalent
940,M.D, M.D. Equivalent
941,M.D, M.D. Equivalent
942,M.D, M.D. Equivalent
943,M.D, M.D. Equivalent
944,M.D, M.D. Equivalent
945,M.D, M.D. Equivalent
946,M.D, M.D. Equivalent
947,M.D, M.D. Equivalent
948,M.D, M.D. Equivalent
949,M.D, M.D. Equivalent
950,M.D, M.D. Equivalent
951,M.D, M.D. Equivalent
952,M.D, M.D. Equivalent
953,M.D, M.D. Equivalent
954,M.D, M.D. Equivalent
955,M.D, M.D. Equivalent
956,M.D, M.D. Equivalent
957,M.D, M.D. Equivalent
958,M.D, M.D. Equivalent
959,M.D, M.D. Equivalent
960,M.D, M.D. Equivalent
961,M.D, M.D. Equivalent
962,M.D, M.D. Equivalent
963,M.D, M.D. Equivalent
964,M.D, M.D. Equivalent
965,M.D, M.D. Equivalent
966,M.D, M.D. Equivalent
967,M.D, M.D. Equivalent
968,M.D, M.D. Equivalent
969,M.D, M.D. Equivalent
970,M.D, M.D. Equivalent
971,M.D, M.D. Equivalent
972,M.D, M.D. Equivalent
973,M.D, M.D. Equivalent
974,M.D, M.D. Equivalent
0, FNP,
1, MD,
2, PA,
3, ND,
4, PA,
5, MD,
6, MD,
7, DO,
8, MD,
9, NP,
10, PNP,
11, MD,
12, PAC,
13, NP,
14, MD,
15, PAC,
16, MD,
17, PA,
18, NP,
19, PAC,
20, MD,
21, FNP,
22, MD,
23, FNP,
24, DO,
25, NP,
26, DO,
27, NP,
28, FNP,
29, NP,
30, FNP,
31," NP, ARNP",
32, NP,
33, FNP,
34, OD,
35, OD,
36, OD,
37, OD,
38, OD,
39, OD,
40, OD,
41, OD,
42, OD,
43, OD,
44, MD,
45, OD,
46, MD,
47, MD,
48, MD,
49, MD,
50, MD,
