,,0
Hospital_Id,0,1
Hospital_Id,1,2
Hospital_Id,2,3
Hospital_Id,3,4
Hospital_Id,4,5
Hospital_Id,5,6
Hospital_Id,6,7
Hospital_Id,7,8
Hospital_Id,8,9
Hospital_Id,9,10
Hospital_Id,10,11
Hospital_Id,11,12
Hospital_Id,12,13
Hospital_Id,13,14
Hospital_Id,14,15
Hospital_Id,15,16
Hospital_Id,16,17
Hospital_Id,17,18
Hospital_Id,18,19
Hospital_Id,19,20
Hospital_Id,20,21
Hospital_Id,21,22
Hospital_Id,22,23
Hospital_Id,23,24
Hospital_Id,24,25
Hospital_Id,25,26
Hospital_Id,26,27
Hospital_Id,27,28
Hospital_Id,28,29
Hospital_Id,29,30
Hospital_Id,30,31
Hospital_Id,31,32
Hospital_Id,32,33
Hospital_Id,33,34
Hospital_Id,34,35
Hospital_Id,35,36
Hospital_Id,36,37
Hospital_Id,37,38
Hospital_Id,38,39
Hospital_Id,39,40
Hospital_Id,40,41
Hospital_Id,41,42
Hospital_Id,42,43
Hospital_Id,43,44
Hospital_Id,44,45
Hospital_Id,45,46
Hospital_Id,46,47
Hospital_Id,47,48
Hospital_Id,48,49
Hospital_Id,49,50
Hospital_Id,50,51
Hospital_Id,51,52
Hospital_Id,52,53
Hospital_Id,53,54
Hospital_Id,54,55
Hospital_Id,55,56
Hospital_Id,56,57
Hospital_Id,57,58
Hospital_Id,58,59
Hospital_Id,59,60
Hospital_Id,60,61
Hospital_Id,61,62
Hospital_Id,62,63
Hospital_Id,63,64
Hospital_Id,64,65
Hospital_Id,65,66
Hospital_Id,66,67
Hospital_Id,67,68
Hospital_Id,68,69
Hospital_Id,69,70
Hospital_Id,70,71
Hospital_Id,71,72
Hospital_Id,72,73
Hospital_Id,73,74
Hospital_Id,74,75
Hospital_Id,75,76
Hospital_Id,76,77
Hospital_Id,77,78
Hospital_Id,78,79
Hospital_Id,79,80
Hospital_Id,80,81
Hospital_Id,81,82
Hospital_Id,82,83
Hospital_Id,83,84
Hospital_Id,84,85
Hospital_Id,85,86
Hospital_Id,86,87
Hospital_Id,87,88
Hospital_Id,88,89
Hospital_Id,89,90
Hospital_Id,90,91
Hospital_Id,91,92
Hospital_Id,92,93
Hospital_Id,93,94
Hospital_Id,94,95
Hospital_Id,95,96
Hospital_Id,96,97
Hospital_Id,97,98
Hospital_Id,98,99
Hospital_Id,99,100
Hospital_Id,100,101
Hospital_Id,101,102
Hospital_Id,102,103
Hospital_Id,103,104
Hospital_Id,104,105
Hospital_Id,105,106
Hospital_Id,106,107
Hospital_Id,107,108
Hospital_Id,108,109
Hospital_Id,109,110
Hospital_Id,110,111
Hospital_Id,111,112
Hospital_Id,112,113
Hospital_Id,113,114
Hospital_Id,114,115
Hospital_Id,115,116
Hospital_Id,116,117
Hospital_Id,117,118
Hospital_Id,118,119
Hospital_Id,119,120
Hospital_Id,120,121
Hospital_Id,121,122
Hospital_Id,122,123
Hospital_Id,123,124
Hospital_Id,124,125
Hospital_Id,125,126
Hospital_Id,126,127
Hospital_Id,127,128
Hospital_Id,128,129
Hospital_Id,129,130
Hospital_Id,130,131
Hospital_Id,131,132
Hospital_Id,132,133
Hospital_Id,133,134
Hospital_Id,134,135
Hospital_Id,135,136
Hospital_Id,136,137
Hospital_Id,137,138
Hospital_Id,138,139
Hospital_Id,139,140
Hospital_Id,140,141
Hospital_Id,141,142
Hospital_Id,142,143
Hospital_Id,143,144
Hospital_Id,144,145
Hospital_Id,145,146
Hospital_Id,146,147
Hospital_Id,147,148
Hospital_Id,148,149
Hospital_Id,149,150
Hospital_Id,150,151
Hospital_Id,151,152
Hospital_Id,152,153
Hospital_Id,153,154
Hospital_Id,154,155
Hospital_Id,155,156
Hospital_Id,156,157
Hospital_Id,157,158
Hospital_Id,158,159
Hospital_Id,159,160
Hospital_Id,160,161
Hospital_Id,161,162
Hospital_Id,162,163
Hospital_Id,163,164
Hospital_Id,164,165
Hospital_Id,165,166
Hospital_Id,166,167
Hospital_Id,167,168
Hospital_Id,168,169
Hospital_Id,169,170
Hospital_Id,170,171
Hospital_Id,171,172
Hospital_Id,172,173
Hospital_Id,173,174
Hospital_Id,174,175
Hospital_Id,175,176
Hospital_Id,176,177
Hospital_Id,177,178
Hospital_Id,178,179
Hospital_Id,179,180
Hospital_Id,180,181
Hospital_Id,181,182
Hospital_Id,182,183
Hospital_Id,183,184
Hospital_Id,184,185
Hospital_Id,185,186
Hospital_Id,186,187
Hospital_Id,187,188
Hospital_Id,188,189
Hospital_Id,189,190
Hospital_Id,190,191
Hospital_Id,191,192
Hospital_Id,192,193
Hospital_Id,193,194
Hospital_Id,194,195
Hospital_Id,195,196
Hospital_Id,196,197
Hospital_Id,197,198
Hospital_Id,198,199
Hospital_Id,199,200
Hospital_Id,200,201
Hospital_Id,201,202
Hospital_Id,202,203
Hospital_Id,203,204
Hospital_Id,204,205
Hospital_Id,205,206
Hospital_Id,206,207
Hospital_Id,207,208
Hospital_Id,208,209
Hospital_Id,209,210
Hospital_Id,210,211
Hospital_Id,211,212
Hospital_Id,212,213
Hospital_Id,213,214
Hospital_Id,214,215
Hospital_Id,215,216
Hospital_Id,216,217
Hospital_Id,217,218
Hospital_Id,218,219
Hospital_Id,219,220
Hospital_Id,220,221
Hospital_Id,221,222
Hospital_Id,222,223
Hospital_Id,223,224
Hospital_Id,224,225
Hospital_Id,225,226
Hospital_Id,226,227
Hospital_Id,227,228
Hospital_Id,228,229
Hospital_Id,229,230
Hospital_Id,230,231
Hospital_Id,231,232
Hospital_Id,232,233
Hospital_Id,233,234
Hospital_Id,234,235
Hospital_Id,235,236
Hospital_Id,236,237
Hospital_Id,237,238
Hospital_Id,238,239
Hospital_Id,239,240
Hospital_Id,240,241
Hospital_Id,241,242
Hospital_Id,242,243
Hospital_Id,243,244
Hospital_Id,244,245
Hospital_Id,245,246
Hospital_Id,246,247
Hospital_Id,247,248
Hospital_Id,248,249
Hospital_Id,249,250
Hospital_Id,250,251
Hospital_Id,251,252
Hospital_Id,252,253
Hospital_Id,253,254
Hospital_Id,254,255
Hospital_Id,255,256
Hospital_Id,256,257
Hospital_Id,257,258
Hospital_Id,258,259
Hospital_Id,259,260
Hospital_Id,260,261
Hospital_Id,261,262
Hospital_Id,262,263
Hospital_Id,263,264
Hospital_Id,264,265
Hospital_Id,265,266
Hospital_Id,266,267
Hospital_Id,267,268
Hospital_Id,268,269
Hospital_Id,269,270
Hospital_Id,270,271
Hospital_Id,271,272
Hospital_Id,272,273
Hospital_Id,273,274
Hospital_Id,274,275
Hospital_Id,275,276
Hospital_Id,276,277
Hospital_Id,277,278
Hospital_Id,278,279
Hospital_Id,279,280
Hospital_Id,280,281
Hospital_Id,281,282
Hospital_Id,282,283
Hospital_Id,283,284
Hospital_Id,284,285
Hospital_Id,285,286
Hospital_Id,286,287
Hospital_Id,287,288
Hospital_Id,288,289
Hospital_Id,289,290
Hospital_Id,290,291
Hospital_Id,291,292
Hospital_Id,292,293
Hospital_Id,293,294
Hospital_Id,294,295
Hospital_Id,295,296
Hospital_Id,296,297
Hospital_Id,297,298
Hospital_Id,298,299
Hospital_Id,299,300
Hospital_Id,300,301
Hospital_Id,301,302
Hospital_Id,302,303
Hospital_Id,303,304
Hospital_Id,304,305
Hospital_Id,305,306
Hospital_Id,306,307
Hospital_Id,307,308
Hospital_Id,308,309
Hospital_Id,309,310
Hospital_Id,310,311
Hospital_Id,311,312
Hospital_Id,312,313
Hospital_Id,313,314
Hospital_Id,314,315
Hospital_Id,315,316
Hospital_Id,316,317
Hospital_Id,317,318
Hospital_Id,318,319
Hospital_Id,319,320
Hospital_Id,320,321
Hospital_Id,321,322
Hospital_Id,322,323
Hospital_Id,323,324
Hospital_Id,324,325
Hospital_Id,325,326
Hospital_Id,326,327
Hospital_Id,327,328
Hospital_Id,328,329
Hospital_Id,329,330
Hospital_Id,330,331
Hospital_Id,331,332
Hospital_Id,332,333
Hospital_Id,333,334
Hospital_Id,334,335
Hospital_Id,335,336
Hospital_Id,336,337
Hospital_Id,337,338
Hospital_Id,338,339
Hospital_Id,339,340
Hospital_Id,340,341
Hospital_Id,341,342
Hospital_Id,342,343
Hospital_Id,343,344
Hospital_Id,344,345
Hospital_Id,345,346
Hospital_Id,346,347
Hospital_Id,347,348
Hospital_Id,348,349
Hospital_Id,349,350
Hospital_Id,350,351
Hospital_Id,351,352
Hospital_Id,352,353
Hospital_Id,353,354
Hospital_Id,354,355
Hospital_Id,355,356
Hospital_Id,356,357
Hospital_Id,357,358
Hospital_Id,358,359
Hospital_Id,359,360
Hospital_Id,360,361
Hospital_Id,361,362
Hospital_Id,362,363
Hospital_Id,363,364
Hospital_Id,364,365
Hospital_Id,365,366
Hospital_Id,366,367
Hospital_Id,367,368
Hospital_Id,368,369
Hospital_Id,369,370
Hospital_Id,370,371
Hospital_Id,371,372
Hospital_Id,372,373
Hospital_Id,373,374
Hospital_Id,374,375
Hospital_Id,375,376
Hospital_Id,376,377
Hospital_Id,377,378
Hospital_Id,378,379
Hospital_Id,379,380
Hospital_Id,380,381
Hospital_Id,381,382
Hospital_Id,382,383
Hospital_Id,383,384
Hospital_Id,384,385
Hospital_Id,385,386
Hospital_Id,386,387
Hospital_Id,387,388
Hospital_Id,388,389
Hospital_Id,389,390
Hospital_Id,390,391
Hospital_Id,391,392
Hospital_Id,392,393
Hospital_Id,393,394
Hospital_Id,394,395
Hospital_Id,395,396
Hospital_Id,396,397
Hospital_Id,397,398
Hospital_Id,398,399
Hospital_Id,399,400
Hospital_Id,400,401
Hospital_Id,401,402
Hospital_Id,402,403
Hospital_Id,403,404
Hospital_Id,404,405
Hospital_Id,405,406
Hospital_Id,406,407
Hospital_Id,407,408
Hospital_Id,408,409
Hospital_Id,409,410
Hospital_Id,410,411
Hospital_Id,411,412
Hospital_Id,412,413
Hospital_Id,413,414
Hospital_Id,414,415
Hospital_Id,415,416
Hospital_Id,416,417
Hospital_Id,417,418
Hospital_Id,418,419
Hospital_Id,419,420
Hospital_Id,420,421
Hospital_Id,421,422
Hospital_Id,422,423
Hospital_Id,423,424
Hospital_Id,424,425
Hospital_Id,425,426
Hospital_Id,426,427
Hospital_Id,427,428
Hospital_Id,428,429
Hospital_Id,429,430
Hospital_Id,430,431
Hospital_Id,431,432
Hospital_Id,432,433
Hospital_Id,433,434
Hospital_Id,434,435
Hospital_Id,435,436
Hospital_Id,436,437
Hospital_Id,437,438
Hospital_Id,438,439
Hospital_Id,439,440
Hospital_Id,440,441
Hospital_Id,441,442
Hospital_Id,442,443
Hospital_Id,443,444
Hospital_Id,444,445
Hospital_Id,445,446
Hospital_Id,446,447
Hospital_Id,447,448
Hospital_Id,448,449
Hospital_Id,449,450
Hospital_Id,450,451
Hospital_Id,451,452
Hospital_Id,452,453
Hospital_Id,453,454
Hospital_Id,454,455
Hospital_Id,455,456
Hospital_Id,456,457
Hospital_Id,457,458
Hospital_Id,458,459
Hospital_Id,459,460
Hospital_Id,460,461
Hospital_Id,461,462
Hospital_Id,462,463
Hospital_Id,463,464
Hospital_Id,464,465
Hospital_Id,465,466
Hospital_Id,466,467
Hospital_Id,467,468
Hospital_Id,468,469
Hospital_Id,469,470
Hospital_Id,470,471
Hospital_Id,471,472
Hospital_Id,472,473
Hospital_Id,473,474
Hospital_Id,474,475
Hospital_Id,475,476
Hospital_Id,476,477
Hospital_Id,477,478
Hospital_Id,478,479
Hospital_Id,479,480
Hospital_Id,480,481
Hospital_Id,481,482
Hospital_Id,482,483
Hospital_Id,483,484
Hospital_Id,484,485
Hospital_Id,485,486
Hospital_Id,486,487
Hospital_Id,487,488
Hospital_Id,488,489
Hospital_Id,489,490
Hospital_Id,490,491
Hospital_Id,491,492
Hospital_Id,492,493
Hospital_Id,493,494
Hospital_Id,494,495
Hospital_Id,495,496
Hospital_Id,496,497
Hospital_Id,497,498
Hospital_Id,498,499
Hospital_Id,499,500
Hospital_Id,500,501
Hospital_Id,501,502
Hospital_Id,502,503
Hospital_Id,503,504
Hospital_Id,504,505
Hospital_Id,505,506
Hospital_Id,506,507
Hospital_Id,507,508
Hospital_Id,508,509
Hospital_Id,509,510
Hospital_Id,510,511
Hospital_Id,511,512
Hospital_Id,512,513
Hospital_Id,513,514
Hospital_Id,514,515
Hospital_Id,515,516
Hospital_Id,516,517
Hospital_Id,517,518
Hospital_Id,518,519
Hospital_Id,519,520
Hospital_Id,520,521
Hospital_Id,521,522
Hospital_Id,522,523
Hospital_Id,523,524
Hospital_Id,524,525
Hospital_Id,525,526
Hospital_Id,526,527
Hospital_Id,527,528
Hospital_Id,528,529
Hospital_Id,529,530
Hospital_Id,530,531
Hospital_Id,531,532
Hospital_Id,532,533
Hospital_Id,533,534
Hospital_Id,534,535
Hospital_Id,535,536
Hospital_Id,536,537
Hospital_Id,537,538
Hospital_Id,538,539
Hospital_Id,539,540
Hospital_Id,540,541
Hospital_Id,541,542
Hospital_Id,542,543
Hospital_Id,543,544
Hospital_Id,544,545
Hospital_Id,545,546
Hospital_Id,546,547
Hospital_Id,547,548
Hospital_Id,548,549
Hospital_Id,549,550
Hospital_Id,550,551
Hospital_Id,551,552
Hospital_Id,552,553
Hospital_Id,553,554
Hospital_Id,554,555
Hospital_Id,555,556
Hospital_Id,556,557
Hospital_Id,557,558
Hospital_Id,558,559
Hospital_Id,559,560
Hospital_Id,560,561
Hospital_Id,561,562
Hospital_Id,562,563
Hospital_Id,563,564
Hospital_Id,564,565
Hospital_Id,565,566
Hospital_Id,566,567
Hospital_Id,567,568
Hospital_Id,568,569
Hospital_Id,569,570
Hospital_Id,570,571
Hospital_Id,571,572
Hospital_Id,572,573
Hospital_Id,573,574
Hospital_Id,574,575
Hospital_Id,575,576
Hospital_Id,576,577
Hospital_Id,577,578
Hospital_Id,578,579
Hospital_Id,579,580
Hospital_Id,580,581
Hospital_Id,581,582
Hospital_Id,582,583
Hospital_Id,583,584
Hospital_Id,584,585
Hospital_Id,585,586
Hospital_Id,586,587
Hospital_Id,587,588
Hospital_Id,588,589
Hospital_Id,589,590
Hospital_Id,590,591
Hospital_Id,591,592
Hospital_Id,592,593
Hospital_Id,593,594
Hospital_Id,594,595
Hospital_Id,595,596
Hospital_Id,596,597
Hospital_Id,597,598
Hospital_Id,598,599
Hospital_Id,599,600
Hospital_Id,600,601
Hospital_Id,601,602
Hospital_Id,602,603
Hospital_Id,603,604
Hospital_Id,604,605
Hospital_Id,605,606
Hospital_Id,606,607
Hospital_Id,607,608
Hospital_Id,608,609
Hospital_Id,609,610
Hospital_Id,610,611
Hospital_Id,611,612
Hospital_Id,612,613
Hospital_Id,613,614
Hospital_Id,614,615
Hospital_Id,615,616
Hospital_Id,616,617
Hospital_Id,617,618
Hospital_Id,618,619
Hospital_Id,619,620
Hospital_Id,620,621
Hospital_Id,621,622
Hospital_Id,622,623
Hospital_Id,623,624
Hospital_Id,624,625
Hospital_Id,625,626
Hospital_Id,626,627
Hospital_Id,627,628
Hospital_Id,628,629
Hospital_Id,629,630
Hospital_Id,630,631
Hospital_Id,631,632
Hospital_Id,632,633
Hospital_Id,633,634
Hospital_Id,634,635
Hospital_Id,635,636
Hospital_Id,636,637
Hospital_Id,637,638
Hospital_Id,638,639
Hospital_Id,639,640
Hospital_Id,640,641
Hospital_Id,641,642
Hospital_Id,642,643
Hospital_Id,643,644
Hospital_Id,644,645
Hospital_Id,645,646
Hospital_Id,646,647
Hospital_Id,647,648
Hospital_Id,648,649
Hospital_Id,649,650
Hospital_Id,650,651
Hospital_Id,651,652
Hospital_Id,652,653
Hospital_Id,653,654
Hospital_Id,654,655
Hospital_Id,655,656
Hospital_Id,656,657
Hospital_Id,657,658
Hospital_Id,658,659
Hospital_Id,659,660
Hospital_Id,660,661
Hospital_Id,661,662
Hospital_Id,662,663
Hospital_Id,663,664
Hospital_Id,664,665
Hospital_Id,665,666
Hospital_Id,666,667
Hospital_Id,667,668
Hospital_Id,668,669
Hospital_Id,669,670
Hospital_Id,670,671
Hospital_Id,671,672
Hospital_Id,672,673
Hospital_Id,673,674
Hospital_Id,674,675
Hospital_Id,675,676
Hospital_Id,676,677
Hospital_Id,677,678
Hospital_Id,678,679
Hospital_Id,679,680
Hospital_Id,680,681
Hospital_Id,681,682
Hospital_Id,682,683
Hospital_Id,683,684
Hospital_Id,684,685
Hospital_Id,685,686
Hospital_Id,686,687
Hospital_Id,687,688
Hospital_Id,688,689
Hospital_Id,689,690
Hospital_Id,690,691
Hospital_Id,691,692
Hospital_Id,692,693
Hospital_Id,693,694
Hospital_Id,694,695
Hospital_Id,695,696
Hospital_Id,696,697
Hospital_Id,697,698
Hospital_Id,698,699
Hospital_Id,699,700
Hospital_Id,700,701
Hospital_Id,701,702
Hospital_Id,702,703
Hospital_Id,703,704
Hospital_Id,704,705
Hospital_Id,705,706
Hospital_Id,706,707
Hospital_Id,707,708
Hospital_Id,708,709
Hospital_Id,709,710
Hospital_Id,710,711
Hospital_Id,711,712
Hospital_Id,712,713
Hospital_Id,713,714
Hospital_Id,714,715
Hospital_Id,715,716
Hospital_Id,716,717
Hospital_Id,717,718
Hospital_Id,718,719
Hospital_Id,719,720
Hospital_Id,720,721
Hospital_Id,721,722
Hospital_Id,722,723
Hospital_Id,723,724
Hospital_Id,724,725
Hospital_Id,725,726
Hospital_Id,726,727
Hospital_Id,727,728
Hospital_Id,728,729
Hospital_Id,729,730
Hospital_Id,730,731
Hospital_Id,731,732
Hospital_Id,732,733
Hospital_Id,733,734
Hospital_Id,734,735
Hospital_Id,735,736
Hospital_Id,736,737
Hospital_Id,737,738
Hospital_Id,738,739
Hospital_Id,739,740
Hospital_Id,740,741
Hospital_Id,741,742
Hospital_Id,742,743
Hospital_Id,743,744
Hospital_Id,744,745
Hospital_Id,745,746
Hospital_Id,746,747
Hospital_Id,747,748
Hospital_Id,748,749
Hospital_Id,749,750
Hospital_Id,750,751
Hospital_Id,751,752
Hospital_Id,752,753
Hospital_Id,753,754
Hospital_Id,754,755
Hospital_Id,755,756
Hospital_Id,756,757
Hospital_Id,757,758
Hospital_Id,758,759
Hospital_Id,759,760
Hospital_Id,760,761
Hospital_Id,761,762
Hospital_Id,762,763
Hospital_Id,763,764
Hospital_Id,764,765
Hospital_Id,765,766
Hospital_Id,766,767
Hospital_Id,767,768
Hospital_Id,768,769
Hospital_Id,769,770
Hospital_Id,770,771
Hospital_Id,771,772
Hospital_Id,772,773
Hospital_Id,773,774
Hospital_Id,774,775
Hospital_Id,775,776
Hospital_Id,776,777
Hospital_Id,777,778
Hospital_Id,778,779
Hospital_Id,779,780
Hospital_Id,780,781
Hospital_Id,781,782
Hospital_Id,782,783
Hospital_Id,783,784
Hospital_Id,784,785
Hospital_Id,785,786
Hospital_Id,786,787
Hospital_Id,787,788
Hospital_Id,788,789
Hospital_Id,789,790
Hospital_Id,790,791
Hospital_Id,791,792
Hospital_Id,792,793
Hospital_Id,793,794
Hospital_Id,794,795
Hospital_Id,795,796
Hospital_Id,796,797
Hospital_Id,797,798
Hospital_Id,798,799
Hospital_Id,799,800
Hospital_Id,800,801
Hospital_Id,801,802
Hospital_Id,802,803
Hospital_Id,803,804
Hospital_Id,804,805
Hospital_Id,805,806
Hospital_Id,806,807
Hospital_Id,807,808
Hospital_Id,808,809
Hospital_Id,809,810
Hospital_Id,810,811
Hospital_Id,811,812
Hospital_Id,812,813
Hospital_Id,813,814
Hospital_Id,814,815
Hospital_Id,815,816
Hospital_Id,816,817
Hospital_Id,817,818
Hospital_Id,818,819
Hospital_Id,819,820
Hospital_Id,820,821
Hospital_Id,821,822
Hospital_Id,822,823
Hospital_Id,823,824
Hospital_Id,824,825
Hospital_Id,825,826
Hospital_Id,826,827
Hospital_Id,827,828
Hospital_Id,828,829
Hospital_Id,829,830
Hospital_Id,830,831
Hospital_Id,831,832
Hospital_Id,832,833
Hospital_Id,833,834
Hospital_Id,834,835
Hospital_Id,835,836
Hospital_Id,836,837
Hospital_Id,837,838
Hospital_Id,838,839
Hospital_Id,839,840
Hospital_Id,840,841
Hospital_Id,841,842
Hospital_Id,842,843
Hospital_Id,843,844
Hospital_Id,844,845
Hospital_Id,845,846
Hospital_Id,846,847
Hospital_Id,847,848
Hospital_Id,848,849
Hospital_Id,849,850
Hospital_Id,850,851
Hospital_Id,851,852
Hospital_Id,852,853
Hospital_Id,853,854
Hospital_Id,854,855
Hospital_Id,855,856
Hospital_Id,856,857
Hospital_Id,857,858
Hospital_Id,858,859
Hospital_Id,859,860
Hospital_Id,860,861
Hospital_Id,861,862
Hospital_Id,862,863
Hospital_Id,863,864
Hospital_Id,864,865
Hospital_Id,865,866
Hospital_Id,866,867
Hospital_Id,867,868
Hospital_Id,868,869
Hospital_Id,869,870
Hospital_Id,870,871
Hospital_Id,871,872
Hospital_Id,872,873
Hospital_Id,873,874
Hospital_Id,874,875
Hospital_Id,875,876
Hospital_Id,876,877
Hospital_Id,877,878
Hospital_Id,878,879
Hospital_Id,879,880
Hospital_Id,880,881
Hospital_Id,881,882
Hospital_Id,882,883
Hospital_Id,883,884
Hospital_Id,884,885
Hospital_Id,885,886
Hospital_Id,886,887
Hospital_Id,887,888
Hospital_Id,888,889
Hospital_Id,889,890
Hospital_Id,890,891
Hospital_Id,891,892
Hospital_Id,892,893
Hospital_Id,893,894
Hospital_Id,894,895
Hospital_Id,895,896
Hospital_Id,896,897
Hospital_Id,897,898
Hospital_Id,898,899
Hospital_Id,899,900
Hospital_Id,900,901
Hospital_Id,901,902
Hospital_Id,902,903
Hospital_Id,903,904
Hospital_Id,904,905
Hospital_Id,905,906
Hospital_Id,906,907
Hospital_Id,907,908
Hospital_Id,908,909
Hospital_Id,909,910
Hospital_Id,910,911
Hospital_Id,911,912
Hospital_Id,912,913
Hospital_Id,913,914
Hospital_Id,914,915
Hospital_Id,915,916
Hospital_Id,916,917
Hospital_Id,917,918
Hospital_Id,918,919
Hospital_Id,919,920
Hospital_Id,920,921
Hospital_Id,921,922
Hospital_Id,922,923
Hospital_Id,923,924
Hospital_Id,924,925
Hospital_Id,925,926
Hospital_Id,926,927
Hospital_Id,927,928
Hospital_Id,928,929
Hospital_Id,929,930
Hospital_Id,930,931
Hospital_Id,931,932
Hospital_Id,932,933
Hospital_Id,933,934
Hospital_Id,934,935
Hospital_Id,935,936
Hospital_Id,936,937
Hospital_Id,937,938
Hospital_Id,938,939
Hospital_Id,939,940
Hospital_Id,940,941
Hospital_Id,941,942
Hospital_Id,942,943
Hospital_Id,943,944
Hospital_Id,944,945
Hospital_Id,945,946
Hospital_Id,946,947
Hospital_Id,947,948
Hospital_Id,948,949
Hospital_Id,949,950
Hospital_Id,950,951
Hospital_Id,951,952
Hospital_Id,952,953
Hospital_Id,953,954
Hospital_Id,954,955
Hospital_Id,955,956
Hospital_Id,956,957
Hospital_Id,957,958
Hospital_Id,958,959
Hospital_Id,959,960
Hospital_Id,960,961
Hospital_Id,961,962
Hospital_Id,962,963
Hospital_Id,963,964
Hospital_Id,964,965
Hospital_Id,965,966
Hospital_Id,966,967
Hospital_Id,967,968
Hospital_Id,968,969
Hospital_Id,969,970
Hospital_Id,970,971
Hospital_Id,971,972
Hospital_Id,972,973
Hospital_Id,973,974
Hospital_Id,974,975
Hospital_Id,975,976
Hospital_Id,976,977
Hospital_Id,977,978
Hospital_Id,978,979
Hospital_Id,979,980
Hospital_Id,980,981
Hospital_Id,981,982
Hospital_Id,982,983
Hospital_Id,983,984
Hospital_Id,984,985
Hospital_Id,985,986
Hospital_Id,986,987
Hospital_Id,987,988
Hospital_Id,988,989
Hospital_Id,989,990
Hospital_Id,990,991
Hospital_Id,991,992
Hospital_Id,992,993
Hospital_Id,993,994
Hospital_Id,994,995
Hospital_Id,995,996
Hospital_Id,996,997
Hospital_Id,997,998
Hospital_Id,998,999
Hospital_Id,999,1000
Hospital_Id,1000,1001
Hospital_Id,1001,1002
Hospital_Id,1002,1003
Hospital_Id,1003,1004
Hospital_Id,1004,1005
Hospital_Id,1005,1006
Hospital_Id,1006,1007
Hospital_Id,1007,1008
Hospital_Id,1008,1009
Hospital_Id,1009,1010
Hospital_Id,1010,1011
Hospital_Id,1011,1012
Hospital_Id,1012,1013
Hospital_Id,1013,1014
Hospital_Id,1014,1015
Hospital_Id,1015,1016
Hospital_Id,1016,1017
Hospital_Id,1017,1018
Hospital_Id,1018,1019
Hospital_Id,1019,1020
Hospital_Id,1020,1021
Hospital_Id,1021,1022
Hospital_Id,1022,1023
Hospital_Id,1023,1024
Hospital_Id,1024,1025
Hospital_Id,1025,1026
Hospital_Id,1026,1027
Hospital_Id,1027,1028
Hospital_Id,1028,1029
Hospital_Id,1029,1030
Hospital_Id,1030,1031
Hospital_Id,1031,1032
Hospital_Id,1032,1033
Hospital_Id,1033,1034
Hospital_Id,1034,1035
Hospital_Id,1035,1036
Hospital_Id,1036,1037
Hospital_Id,1037,1038
Hospital_Id,1038,1039
Hospital_Id,1039,1040
Hospital_Id,1040,1041
Hospital_Id,1041,1042
Hospital_Id,1042,1043
Hospital_Id,1043,1044
Hospital_Id,1044,1045
Hospital_Id,1045,1046
Hospital_Id,1046,1047
Hospital_Id,1047,1048
Hospital_Id,1048,1049
Hospital_Id,1049,1050
Hospital_Id,1050,1051
Hospital_Id,1051,1052
Hospital_Id,1052,1053
Hospital_Id,1053,1054
Hospital_Id,1054,1055
Hospital_Id,1055,1056
Hospital_Id,1056,1057
Hospital_Id,1057,1058
Hospital_Id,1058,1059
Hospital_Id,1059,1060
Hospital_Id,1060,1061
Hospital_Id,1061,1062
Hospital_Id,1062,1063
Hospital_Id,1063,1064
Hospital_Id,1064,1065
Hospital_Id,1065,1066
Hospital_Affiliations,0,"Tewksbury Hospital, Private Practice"
Hospital_Affiliations,1,"Private Office, People Care Clinic, Vinfen Corporation"
Hospital_Affiliations,2,"Mount Auburn Hospital, Brigham & Women's Hospital, Private Practice, Beth Israel Deaconess Medical Center"
Hospital_Affiliations,3,"Quest Diagnostics, Inc."
Hospital_Affiliations,4,"Cambridge Health Alliance - Somerville Campus, Cambridge Health Alliance - Cambridge Campus"
Hospital_Affiliations,5,Cambridge Health Alliance
Hospital_Affiliations,6,Private Office
Hospital_Affiliations,7,"Lahey Hospital & Medical Center, Part of Beth Israel Lahey Health"
Hospital_Affiliations,8,Cambridge Health Alliance - Somerville Campus
Hospital_Affiliations,9,Lahey Clinic
Hospital_Affiliations,11,"Mental Health Clinic, Other"
Hospital_Affiliations,12,"Lahey Clinic, Lahey Clinic"
Hospital_Affiliations,13,"Cape Cod Hospital, Lahey Clinic"
Hospital_Affiliations,15,"Lahey Clinic, Newton-Wellesley Hospital"
Hospital_Affiliations,16,Beth Israel Deaconess Medical Center
Hospital_Affiliations,17,"Mount Auburn Hospital, Children's Hospital Boston, Massachusetts General Hospital, Brigham & Women's Hospital, Beth Israel Deaconess Medical Center, Cambridge Public Hlth Commission (The), Floating Hospital, TUFTS-NEMC"
Hospital_Affiliations,18,"South Shore Hospital, South Shore Hospital, Milton Hospital"
Hospital_Affiliations,19,Cambridge Health Alliance - Cambridge Campus
Hospital_Affiliations,21,"Lahey Hospital & Medical Center, Part of Beth Israel Lahey Health, Winchester Hospital, Part of Beth Israel Lahey Health, Beverly Hospital, Part of Beth Israel Lahey Health"
Hospital_Affiliations,22,Massachusetts General Hospital
Hospital_Affiliations,26,"Cambridge Health Alliance - Whidden Campus, Cambridge Health Alliance"
Hospital_Affiliations,28,"Lahey Clinic, Harvard Vanguard Medical Associates, Lahey Clinic, Harvard Vanguard Medical Associates, Harvard Vanguard Medical Associates"
Hospital_Affiliations,29,"Cambridge Health Alliance, Private Office, Cambridge Health Alliance"
Hospital_Affiliations,31,Harvard University Health Services
Hospital_Affiliations,35,Baystate Medical Center
Hospital_Affiliations,37,"Beth Israel Deaconess Medical Center, Private Practice"
Hospital_Affiliations,39,McLean Hospital
Hospital_Affiliations,41,"Private Office, Cambridge Health Alliance - Cambridge Campus"
Hospital_Affiliations,43,"Out of State Hospital, Mental Health Clinic"
Hospital_Affiliations,44,Tufts Medical Center
Hospital_Affiliations,45,"Other, Cambridge Public Hlth Commission (The), Office-Solo Practice"
Hospital_Affiliations,46,"Private Office, Children's Hospital Boston"
Hospital_Affiliations,48,Private Practice
Hospital_Affiliations,49,"Lahey Clinic, Cape Cod Hospital"
Hospital_Affiliations,50,"Mount Auburn Hospital, Beth Israel Deaconess Medical Center, Offfice/private practice"
Hospital_Affiliations,51,"Private Office, Human Relations Services"
Hospital_Affiliations,52,"Harvard Vanguard Medical Assoc. Kenmore, Harvard Vanguard Wellesley"
Hospital_Affiliations,55,Mount Auburn Hospital
Hospital_Affiliations,56,"Other, MIT, Mount Auburn Hospital, Brigham & Women's Hospital"
Hospital_Affiliations,59,"Mount Auburn Hospital, Quincy Hospital, Steward Carney Hospital, Taunton State Hospital, Saint Vincent Hospital"
Hospital_Affiliations,62,"Cambridge Health Alliance, Private Office"
Hospital_Affiliations,63,"Lahey Clinic, Other, Lahey Clinic"
Hospital_Affiliations,64,"Faulkner Hospital, Brigham & Women's Hospital, Dana Farber Cancer Institute, Lahey Clinic, Cape Cod Hospital"
Hospital_Affiliations,65,Hallmark Health -Lawrence Memorial Hospital
Hospital_Affiliations,67,Out of State Hospital
Hospital_Affiliations,68,Cambridge Public Hlth Commission (The)
Hospital_Affiliations,69,"Cooley Dickinson Hospital (The), Baystate Medical Center, Private Office, Private Office, Private Office"
Hospital_Affiliations,72,"New England Baptist Hospital, Mount Auburn Hospital, Winchester Hospital"
Hospital_Affiliations,75,"McLean Hospital, McLean Hospital"
Hospital_Affiliations,76,"Mount Auburn Hospital, Mount Auburn Hospital, Other"
Hospital_Affiliations,80,"UMass Medical School, Private Practice, Private Practice, Other, Other, Other, Other, Dept of Mental Health"
Hospital_Affiliations,82,"Massachusetts General Hospital, Beth Israel Deaconess Medical Center"
Hospital_Affiliations,83,M.I.T. Medical Department
Hospital_Affiliations,88,"Cambridge Health Alliance - Whidden Campus, Cambridge Health Alliance - Cambridge Campus, M.I.T. Medical Department"
Hospital_Affiliations,89,Harvard Vanguard Medical Assoc. Kenmore
Hospital_Affiliations,90,"Emerson Hospital, Lowell General Hospital"
Hospital_Affiliations,91,"Cambridge Health Alliance - Cambridge Campus, Private Practice"
Hospital_Affiliations,94,"Private Office, Private Office"
Hospital_Affiliations,95,"Cambridge Health Alliance - Cambridge Campus, McLean Hospital"
Hospital_Affiliations,96,"Beth Israel Deaconess Medical Center, Cambridge Health Alliance - Cambridge Campus"
Hospital_Affiliations,98,"Private Practice, Harvard University Health Services"
Hospital_Affiliations,99,"Cambridge Health Alliance, Private Office, Dept of Mental Health, University of Massachusetts Med Center"
Hospital_Affiliations,101,"Cambridge Public Hlth Commission (The), Private Practice, Private Practice"
Hospital_Affiliations,105,"Mount Auburn Hospital, Mount Auburn Hospital"
Hospital_Affiliations,107,Office-Solo Practice
Hospital_Affiliations,109,"Cambridge Health Alliance - Cambridge Campus, Charles River Hospital, The Arbour, Bournewood Hospital, Caulfield Ctr (Choate Health Systems), Human Resource Institute of Boston"
Hospital_Affiliations,110,Other
Hospital_Affiliations,115,"Boston College Counseling Services, Brandeis University Health Services"
Hospital_Affiliations,116,"Private Office, Boston College Counseling Svc- Chestnut Hill, Steward St. Elizabeth's Medical Center of Boston"
Hospital_Affiliations,119,"Cambridge Health Alliance - Cambridge Campus, Private Practice, Private Practice"
Hospital_Affiliations,120,"Children's Hospital Boston, Cambridge Public Hlth Commission (The), Private Practice, Advocates Community Counseling, Private Practice, Private Practice, Private Practice"
Hospital_Affiliations,122,"UMass Health System/Clinton Hospital, UMass Memorial Medical Center, Beaumont Rehab & Skilled Nursing Ctr, Beaumont Rehab & Skilled Nursing Ctr, Beaumont Rehab & Skilled Nursing Ctr, Christopher House of Worcester, Coleman House, Notre Dame Long Term Care Center, Shrewsbury Nursing Home, St. Camillus Nursing Home, Community HealthLINK, Inc, St. Mary Health Care Center, Beaumont Nothbridge Skilled Nursing Facility"
Hospital_Affiliations,125,"Baystate Medical Center, Cooley Dickinson Hospital (The), Holyoke Medical Center, Private Practice"
Hospital_Affiliations,126,"Cambridge Health Alliance - Somerville Campus, Cambridge Health Alliance - Whidden Campus, Cambridge Health Alliance - Cambridge Campus"
Hospital_Affiliations,127,"McLean Hospital, Harvard Vanguard Medical Assoc.- Burlington"
Hospital_Affiliations,132,Marlborough Hospital
Hospital_Affiliations,133,"Cambridge Health Alliance, Private Practice, Beth Israel Deaconess Medical Center"
Hospital_Affiliations,134,"Clinic, Private Practice"
Hospital_Affiliations,136,"Massachusetts General Hospital, Private Office, M.I.T. Medical Department, Private Office"
Hospital_Affiliations,139,"McLean Hospital, Cambridge Health Alliance - Somerville Campus, Cambridge Health Alliance - Cambridge Campus"
Hospital_Affiliations,141,"Cambridge Health Alliance - Cambridge Campus, Cambridge Health Alliance - Somerville Campus"
Hospital_Affiliations,143,"Lahey Clinic, Lahey Clinic (HMO)"
Hospital_Affiliations,145,Boston Medical Center
Hospital_Affiliations,146,Cooley Dickinson Hospital (The)
Hospital_Affiliations,151,"Winchester Hospital, Lahey Clinic, Winchester Hospital Oncology Center"
Hospital_Affiliations,152,"Cambridge Health Alliance - Cambridge Campus, Massachusetts General Hospital, Beth Israel Deaconess Medical Center"
Hospital_Affiliations,153,"Melrose-Wakefield Hospital, Mount Auburn Hospital, Boston Medical Center"
Hospital_Affiliations,154,"Lahey Clinic, Out of State Hospital"
Hospital_Affiliations,155,Children's Hospital Boston
Hospital_Affiliations,156,"Mount Auburn Hospital, Newton-Wellesley Hospital, Beth Israel Deaconess Medical Center"
Hospital_Affiliations,157,"New England Baptist Hospital, Mount Auburn Hospital, Boston Outpatient Surgical Suites, ProSports Orthopedics, ProSports Orthopedics, MIT Health Services, ProSports Orthopedics, ProSports Orthopedics"
Hospital_Affiliations,159,"Cambridge Health Alliance - Somerville Campus, Cambridge Health Alliance - Whidden Campus, Mount Auburn Hospital, Cambridge Health Alliance - Cambridge Campus"
Hospital_Affiliations,160,"Beverly Hospital, Lahey Clinic"
Hospital_Affiliations,162,"South Shore Hospital, Children's Hospital Boston"
Hospital_Affiliations,166,Winchester Hospital
Hospital_Affiliations,168,"Newton-Wellesley Hospital, South Shore Hospital, Beth Israel Deaconess Medical Center, South Shore Center, The Surgery Center Of Waltham"
Hospital_Affiliations,171,South Shore Hospital
Hospital_Affiliations,172,Harvard Vanguard Medical Assoc.- Burlington
Hospital_Affiliations,173,"Cambridge Health Alliance - Cambridge Campus, Cambridge Health Alliance - Cambridge Campus"
Hospital_Affiliations,177,"Harvard Vanguard Medical Assoc. Kenmore, Beth Israel Deaconess Medical Center, Boston IVF"
Hospital_Affiliations,178,Qvest Diagnostics
Hospital_Affiliations,179,"Spaulding Rehabilitation Hospital, Faulkner Hospital, Lahey Clinic"
Hospital_Affiliations,180,"Cooley Dickinson Hospital (The), Baystate Medical Center"
Hospital_Affiliations,181,"South Shore Hospital, Children's Hospital Boston, Massachusetts General Hospital, Tufts - New England Medical Center Hospitals"
Hospital_Affiliations,183,"Beth Israel Deaconess Medical Center, Beth Israel Deaconess Hospital - Milton, Beth Israel Deaconess Hospital Needham"
Hospital_Affiliations,184,"Mount Auburn Hospital, Children's Hospital Boston, Private Office"
Hospital_Affiliations,185,"Cambridge Health Alliance - Somerville Campus, Cambridge Health Alliance - Cambridge Campus, Cambridge Health Alliance, Cambridge Health Alliance - Whidden Campus"
Hospital_Affiliations,188,"Massachusetts General Hospital, Children's Hospital Boston, Lahey Clinic, Lahey Clinic, Lahey Clinic, Beth Israel Deaconess Medical Center"
Hospital_Affiliations,190,Quincy Hospital
Hospital_Affiliations,191,"U Mass Health System, Marlborough Hosp, Wing Memorial Hospital, UMass Memorial Medical Center, UMass Health System/Clinton Hospital"
Hospital_Affiliations,192,Lincoln Pediatrics
Hospital_Affiliations,195,"Cambridge Health Alliance - Somerville Campus, Cambridge Health Alliance - Whidden Campus, Youville Hospital & Rehabilitation Ctr, Cambridge Health Alliance - Cambridge Campus, Massachusetts General Hospital, Cambridge Health Alliance"
Hospital_Affiliations,196,"Mount Auburn Hospital, Beth Israel Deaconess Medical Center"
Hospital_Affiliations,201,"Beverly Hospital, Lahey Clinic, Addison Gilbert Hospital, Addison Gilbert Hospital"
Hospital_Affiliations,202,"Cambridge Health Alliance - Cambridge Campus, Cambridge Public Hlth Commission (The)"
Hospital_Affiliations,204,"Brigham & Women's Hospital, Cambridge Health Alliance - Somerville Campus, Martha's Vineyard Hospital, Cambridge Health Alliance - Whidden Campus, Sturdy Memorial Hospital, Inc., Cambridge Health Alliance - Cambridge Campus"
Hospital_Affiliations,205,"Lahey Clinic, Winchester Hospital"
Hospital_Affiliations,206,Clinic
Hospital_Affiliations,208,"Cambridge Health Alliance - Cambridge Campus, Cambridge Health Alliance"
Hospital_Affiliations,210,"Children's Hospital Boston, Lahey Clinic"
Hospital_Affiliations,211,"New England Baptist Hospital, Part of Beth Israel Lahey Health, Mount Auburn Hospital, Part of Beth Israel Lahey Health, Lahey Hospital & Medical Center, Part of Beth Israel Lahey Health"
Hospital_Affiliations,212,"New England Baptist Hospital, Mount Auburn Hospital, Boston Outpatient Surgical Suites"
Hospital_Affiliations,214,"Beth Israel Deaconess Medical Center, BID Needham, Harvard Vanguard Medical Assoc. Kenmore, Newton-Wellesley Hospital, Beth Israel Deaconess Hospital - Milton"
Hospital_Affiliations,220,Genzyme Corporation- Cambridge
Hospital_Affiliations,223,"Newton-Wellesley Hospital, Mount Auburn Hospital, New England Baptist Hospital"
Hospital_Affiliations,224,"Barton Center for Diabetes, Inc."
Hospital_Affiliations,225,"Children's Hospital Boston, Lahey Clinic, Beth Israel Deaconess Medical Center"
Hospital_Affiliations,229,"Mount Auburn Hospital, Massachusetts General Hospital"
Hospital_Affiliations,230,"Massachusetts General Hospital, Cambridge Public Hlth Commission (The), Spaulding Rehabilitation Hospital, MIT Health Services"
Hospital_Affiliations,232,"Cooley Dickinson Hospital (The), University Health Services"
Hospital_Affiliations,233,"Lahey Clinic, Other"
Hospital_Affiliations,236,"Lahey Clinic, Lahey Clinic, Lahey Clinic, Lahey Clinic, Lahey Clinic"
Hospital_Affiliations,239,"Cambridge Health Alliance - Cambridge Campus, Beth Israel Deaconess Medical Center"
Hospital_Affiliations,243,"Lahey Clinic, Beverly Hospital"
Hospital_Affiliations,244,Telemedicine
Hospital_Affiliations,249,Cambridge Health Alliance - Whidden Campus
Hospital_Affiliations,261,Novartis Institute for Biomedical Research
Hospital_Affiliations,262,"Lahey Clinic, Lahey Clinic, Lahey Clinic (HMO)"
Hospital_Affiliations,265,"Other, Lincoln Pediatrics"
Hospital_Affiliations,267,"Cambridge Health Alliance - Cambridge Campus, Cambridge Health Alliance - Somerville Campus, Cambridge Health Alliance"
Hospital_Affiliations,268,"Noble Hospital, Holyoke Hospital, Mercy Medical Center, Cooley Dickinson Hospital (The)"
Hospital_Affiliations,269,Brigham & Women's Hospital
Hospital_Affiliations,270,"Winchester Hospital, Lahey Clinic"
Hospital_Affiliations,273,"Massachusetts Eye & Ear Infirmary, Harvard Vanguard- Boston, Shields Health Care Group"
Hospital_Affiliations,275,"UMass Memorial Medical Center, Mount Auburn Hospital"
Hospital_Affiliations,277,"Other, Other"
Hospital_Affiliations,279,"South Shore Hospital, Milton Hospital"
Hospital_Affiliations,283,"Mount Auburn Hospital, Newton-Wellesley Hospital, Tufts Medical Center, Beth Israel Deaconess Medical Center"
Hospital_Affiliations,287,"Out of State Hospital, Lahey Clinic"
Hospital_Affiliations,288,"Brigham & Women's Hospital, Lahey Clinic"
Hospital_Affiliations,292,"Emerson Hospital, Other"
Hospital_Affiliations,293,"Massachusetts General Hospital, Cambridge Public Hlth Commission (The), Spaulding Rehabilitation Hospital, M.I.T. Medical Department"
Hospital_Affiliations,295,"Massachusetts General Hospital, Cambridge Health Alliance"
Hospital_Affiliations,297,"Emerson Hospital, Lahey Clinic, Mount Auburn Hospital"
Hospital_Affiliations,299,"Lahey Clinic, North Shore Medical Center - Salem Hospital"
Hospital_Affiliations,300,"Lahey Clinic, Emerson Hospital"
Hospital_Affiliations,302,MIT
Hospital_Affiliations,303,"Mount Auburn Hospital, Mount Auburn Hospital, Boston IVF, Beth Israel Deaconess Medical Center"
Hospital_Affiliations,305,"Harvard University Health Services, Quest Diagnostics, Inc."
Hospital_Affiliations,321,"Mount Auburn Hospital, M.I.T. Medical Department, New England Baptist Hospital, Boston Outpatient Surgical Suites"
Hospital_Affiliations,322,"Children's Hospital Boston, Massachusetts General Hospital, Cambridge Health Alliance"
Hospital_Affiliations,324,"Lahey Clinic, Out of State Hospital, Out of State Hospital, Out of State Hospital"
Hospital_Affiliations,325,"Mount Auburn Hospital, Mount Auburn Hospital, Cambridge Health Alliance, MetroWest Medical Center, Beth Israel Deaconess Medical Center"
Hospital_Affiliations,330,"Massachusetts General Hospital, Brigham & Women's Hospital"
Hospital_Affiliations,336,"Cooley Dickinson Hospital (The), Holyoke Medical Center"
Hospital_Affiliations,337,"Ball Square DCI, Lahey Clinic"
Hospital_Affiliations,340,Vetarans Admin.Bostn Hlthcare Sys.
Hospital_Affiliations,341,Emerson Hospital
Hospital_Affiliations,350,"Steward Carney Hospital, Milton Hospital, Good Samaritan Medical Center, New England Sinai Hospital, New England Sinai Hospital, Caritas Good Samaritan Medical Center, Beth Israel Deaconess Hospital - Milton"
Hospital_Affiliations,352,Biogen Idec
Hospital_Affiliations,353,"Other, Lahey Clinic, Lahey Clinic, Emerson Hospital"
Hospital_Affiliations,357,Vinfen Corporation
Hospital_Affiliations,359,"Lahey Medical Center, Emerson Health"
Hospital_Affiliations,365,"Steward St. Elizabeth's Medical Center of Boston, Cambridge Health Alliance, Steward St. Elizabeth's Medical Center of Boston"
Hospital_Affiliations,366,"Cambridge Health Alliance - Cambridge Campus, East Cambridge Health Center"
Hospital_Affiliations,367,"Cooley Dickinson Hospital (The), VA Medical Center Northampton"
Hospital_Affiliations,368,"Steward Carney Hospital, South Shore Hospital, Children's Hospital Boston"
Hospital_Affiliations,369,"U Mass Health System, Marlborough Hosp"
Hospital_Affiliations,370,MIT Health Services
Hospital_Affiliations,372,"Children's Hospital Boston, Lahey Clinic, Brigham & Women's Hospital, Out of State Hospital"
Hospital_Affiliations,373,"University of Massachusetts Med Center, University of Massachusetts Med Center, Dept of Mental Health, University of Massachusetts Med Center"
Hospital_Affiliations,378,"Mount Auburn Hospital, Symmes Hospital"
Hospital_Affiliations,387,"Boston University Medical Ctr Hospital, Boston City Hospital, Steward Carney Hospital, Steward Medical Group"
Hospital_Affiliations,389,"Harvard Vanguard- Somerville, Mount Auburn Hospital, Harvard Vanguard Medical Associates"
Hospital_Affiliations,391,"Winchester Hospital, Part of Beth Israel Lahey Health"
Hospital_Affiliations,395,"Mount Auburn Hospital, M.I.T. Medical Department, Brigham & Women's Hospital"
Hospital_Affiliations,397,"Beth Israel Deaconess Medical Center, Harvard Medical School"
Hospital_Affiliations,398,"M.I.T. Medical Department, Private Practice"
Hospital_Affiliations,400,"Private Office, MIT Health Services"
Hospital_Affiliations,401,"Mount Auburn Hospital, Harvard Vanguard- Kenmore Square"
Hospital_Affiliations,405,Massachusetts Eye & Ear Infirmary
Hospital_Affiliations,406,"Massachusetts General Hospital, Westwood Lodge Hospital AMI, Pembroke Hospital AMI"
Hospital_Affiliations,408,"Beth Israel Deaconess Medical Center, Cambridge Health Alliance"
Hospital_Affiliations,410,"U Mass Health System, Marlborough Hosp, UMass Memorial Medical Center, Worcester Medical Center"
Hospital_Affiliations,412,"Lahey Clinic, Lahey Clinic, Lahey Clinic"
Hospital_Affiliations,413,"Massachusetts General Hospital, Private Practice"
Hospital_Affiliations,414,"Private Practice, McLean Hospital"
Hospital_Affiliations,416,"Beth Israel Deaconess Medical Center, Private Office"
Hospital_Affiliations,419,"Beth Israel Deaconess Medical Center, HVMA"
Hospital_Affiliations,422,"Cambridge Health Alliance, Cambridge Health Alliance, Cambridge Health Alliance"
Hospital_Affiliations,423,Tufts - New England Medical Center Hospitals
Hospital_Affiliations,425,"Salem Hospital, Lahey Clinic, Union Hospital, Beth Israel Deaconess Medical Center"
Hospital_Affiliations,426,"Lahey Clinic, UMass Memorial Medical Center"
Hospital_Affiliations,427,Nashoba Valley Medical Center
Hospital_Affiliations,428,"Lahey Clinic, Lahey Clinic, Lahey Clinic, Winchester Hospital"
Hospital_Affiliations,429,"Beth Israel Deaconess Medical Center, Beth Israel Deaconess Medical Center, Beth Israel Deaconess Medical Center"
Hospital_Affiliations,432,"Children's Hospital Boston, Harvard Vanguard Medical Assoc.- Burlington"
Hospital_Affiliations,434,"Mount Auburn Hospital, MVA Center Rehabilitation"
Hospital_Affiliations,435,"Cambridge Health Alliance - Cambridge Campus, Cambridge Health Alliance, Home Office"
Hospital_Affiliations,438,"Private Office, Cambridge Health Alliance"
Hospital_Affiliations,443,328 Broadway
Hospital_Affiliations,444,MGH - Revere Health Care Center
Hospital_Affiliations,447,"Mount Auburn Hospital, Cambridge Health Alliance"
Hospital_Affiliations,450,"Cooley Dickinson Hospital (The), Valley Medical Group"
Hospital_Affiliations,456,"Mount Auburn Hospital, M.I.T. Medical Department"
Hospital_Affiliations,460,Offfice/private practice
Hospital_Affiliations,465,"Baystate Franklin Medical Center, Mercy Medical Center, Out of State Hospital"
Hospital_Affiliations,469,"Brockton Hospital, Beverly Hospital, Winchester Hospital, Lahey Clinic"
Hospital_Affiliations,471,"Tufts Medical Center, Mount Auburn Hospital, Winchester Hospital, Surgisite  Boston"
Hospital_Affiliations,473,"McLean Hospital, Private Office"
Hospital_Affiliations,474,"Steward Carney Hospital, South Shore Hospital, Massachusetts Eye & Ear Infirmary, New England Eye Surgical Center, Good Samaritan Medical Center, Massachusetts General Hospital, Beth Israel Deaconess Hospital - Milton"
Hospital_Affiliations,475,"Cambridge Health Alliance - Cambridge Campus, Cambridge Health Alliance, Cambridge Health Alliance"
Hospital_Affiliations,476,Southcoast Hosps Group-Charlton Campus
Hospital_Affiliations,477,"Harvard Vanguard Medical Assoc.- Burlington, Harvard Vanguard- Somerville"
Hospital_Affiliations,482,"Mount Auburn Hospital, Belmont Medical Associates Inc.- Cambridge"
Hospital_Affiliations,489,"Home Office, Cambridge Health Alliance - Cambridge Campus"
Hospital_Affiliations,492,"Children's Hospital Boston, Massachusetts General Hospital, Brigham & Women's Hospital, Beth Israel Deaconess Medical Center"
Hospital_Affiliations,495,"Cambridge Health Alliance - Cambridge Campus, Tewksbury Hospital"
Hospital_Affiliations,497,"Lahey Clinic, Lahey Clinic, Beverly Hospital"
Hospital_Affiliations,500,"Hallmark Health -Lawrence Memorial Hospital, Winchester Hospital"
Hospital_Affiliations,501,"Mercy Medical Center, Baystate Medical Center, Other"
Hospital_Affiliations,509,"Cambridge Health Alliance - Somerville Campus, Cambridge Health Alliance"
Hospital_Affiliations,510,"Massachusetts General Hospital, Cambridge Public Hlth Commission (The)"
Hospital_Affiliations,515,"Cambridge Health Alliance, Massachusetts General Hospital"
Hospital_Affiliations,516,"U Mass Health System, Marlborough Hosp, UMass Memorial Medical Center, St Vincent Hospital at Worcester Medical Center"
Hospital_Affiliations,518,Partners HealthCare
Hospital_Affiliations,519,"Lahey Clinic (HMO), Lahey Clinic"
Hospital_Affiliations,520,"Steward Carney Hospital, South Shore Hospital, New England Eye Surgical Center, Beth Israel Deaconess Hospital - Milton"
Hospital_Affiliations,524,"Children's Hospital Boston, Lahey Clinic, North Shore Medical Center - Salem Hospital, North Shore Medical Center-Union Hosp"
Hospital_Affiliations,530,"Lahey Clinic, Davila Dialysis Center"
Hospital_Affiliations,535,"Cambridge Health Alliance - Somerville Campus, Cambridge Health Alliance - Cambridge Campus, Cambridge Health Alliance"
Hospital_Affiliations,536,"Baystate Medical Center, Noble Hospital, Baystate Franklin Medical Center, Cooley Dickinson Hospital (The)"
Hospital_Affiliations,537,"Private Practice, Private Practice, Private Practice, Private Practice"
Hospital_Affiliations,539,"Baystate Medical Center, Baystate Medical Center"
Hospital_Affiliations,544,Harvard Vanguard Medical Associates
Hospital_Affiliations,548,"Mount Auburn Hospital, Cambridge Health Alliance - Cambridge Campus"
Hospital_Affiliations,551,"Children's Hospital Boston, Harvard University Health Services, M.I.T. Medical Department, Brigham & Women's Hospital"
Hospital_Affiliations,553,"Beverly Hospital, Winchester Hospital, Lahey Clinic, Mount Auburn Hospital"
Hospital_Affiliations,554,"Mount Auburn Hospital, Massachusetts General Hospital, M.I.T. Medical Department"
Hospital_Affiliations,555,"U Mass Health System, Marlborough Hosp, Columbia/MetroWest Medical Center"
Hospital_Affiliations,560,"Mount Auburn Hospital, Harvard Vanguard- Somerville, Beth Israel Deaconess Medical Center, Harvard Vanguard Medical Associates, Beth Israel Deaconess Hospital - Milton"
Hospital_Affiliations,561,"Mount Auburn Hospital, Private Office"
Hospital_Affiliations,562,"Children's Hospital Boston, Harvard Vanguard Medical Associates"
Hospital_Affiliations,563,"Sturdy Memorial Hospital, Inc."
Hospital_Affiliations,567,Bridgewater State Hospital
Hospital_Affiliations,569,"Massachusetts General Hospital, Private Office"
Hospital_Affiliations,571,"Massachusetts General Hospital, Cambridge Public Hlth Commission (The), Spaulding Rehabilitation Hospital"
Hospital_Affiliations,572,"Mount Auburn Hospital, Joseph M Smith Community Health Center"
Hospital_Affiliations,574,"Other, Quest Diagnostics, Inc."
Hospital_Affiliations,578,Cooley Dickinson Health (Hospital)
Hospital_Affiliations,579,"Steward Carney Hospital, St. Elizabeth's Medical Ctr of Boston"
Hospital_Affiliations,581,"Mount Auburn Hospital, Harvard Vanguard Medical Associates"
Hospital_Affiliations,583,"Winchester Hospital, New England Pediatric Care, Other"
Hospital_Affiliations,584,"Mental Health Clinic, North River Counseling, Inc., Bayview Associates"
Hospital_Affiliations,585,"Quincy Hospital, Tufts - New England Medical Center Hospitals"
Hospital_Affiliations,586,"Brockton Hospital, Quincy Hospital"
Hospital_Affiliations,593,"Lahey Clinic, Children's Hospital Boston, North Shore Medical Center - Salem Hospital, Union Hospital"
Hospital_Affiliations,596,"Faulkner Hospital, Faulkner Hospital, Brigham & Women's Hospital, Beth Israel Deaconess Medical Center, Blue Cross/Blue Shield of Mass, Offfice/private practice, Offfice/private practice"
Hospital_Affiliations,597,"Cambridge Health Alliance - Somerville Campus, Cambridge Health Alliance - Cambridge Campus, Massachusetts General Hospital, Cambridge Health Alliance"
Hospital_Affiliations,599,"Cooley Dickinson Hospital (The), Baystate Franklin Medical Center"
Hospital_Affiliations,606,Mental Health Clinic
Hospital_Affiliations,612,"Cooley Dickinson Hospital (The), Berkshire Medical Center, Baystate Franklin Medical Center"
Hospital_Affiliations,618,"U Mass Health System, Marlborough Hosp, Milford-Whitinsville Regional Hospital, MetroWest Medical Center, Other, Fresenius Medical Care, Fresenius Medical Care"
Hospital_Affiliations,620,"Mount Auburn Hospital, Newton-Wellesley Hospital, Lemuel Shattuck Hospital, Cambridge Health Alliance, Solomon Carter Fuller Mental Health Center"
Hospital_Affiliations,622,"Massachusetts Eye & Ear Infirmary, Tufts - New England Medical Center Hospitals"
Hospital_Affiliations,625,"Massachusetts General Hospital, Other"
Hospital_Affiliations,627,"Baystate Medical Center, Other, Holyoke Rehab Center"
Hospital_Affiliations,635,Boston Psychoanalytic Society & Inst
Hospital_Affiliations,641,"Emerson Hospital, Mount Auburn Hospital"
Hospital_Affiliations,643,"Holy Family Hospital & Medical Center, Out of State Hospital"
Hospital_Affiliations,646,"Cambridge Health Alliance, Walden Behavioral Care, LLC"
Hospital_Affiliations,648,"Lahey Clinic, Beverly Hospital, Brockton Hospital, Steward Medical Group"
Hospital_Affiliations,649,"Baystate Medical Center, Holyoke Pediatric Assoc., Cooley Dickinson Hospital (The)"
Hospital_Affiliations,651,"Lowell Community Health Center, Lowell General Hospital, Cambridge Health Alliance - Cambridge Campus"
Hospital_Affiliations,654,"Cambridge Public Hlth Commission (The), Dept. Of Youth Services"
Hospital_Affiliations,655,"Mount Auburn Hospital, Harvard University Health Services"
Hospital_Affiliations,656,"Mount Auburn Hospital, Mount Auburn Hospital, Harvard Vanguard- Kenmore Square, Beth Israel Deaconess Medical Center"
Hospital_Affiliations,657,"Massachusetts Eye & Ear Infirmary, Harvard University Health Services"
Hospital_Affiliations,658,"Massachusetts General Hospital, Harvard Medical School, Harvard University Medical School, Massachusetts General Hospital"
Hospital_Affiliations,660,Blue Cross/Blue Shield of Mass
Hospital_Affiliations,661,"Beth Israel Deaconess Medical Center, Harvard Vanguard Medical Associates, Harvard Vanguard- Somerville, Beth Israel Deaconess Hospital - Milton"
Hospital_Affiliations,670,"Mount Auburn Hospital, Cambridge Health Alliance - Cambridge Campus, Davita Northeast Cambridge Dialysis"
Hospital_Affiliations,673,"Other, Private Office"
Hospital_Affiliations,679,"Mental Health Clinic, Mental Health Clinic"
Hospital_Affiliations,680,"M.I.T. Medical Department, Private Office, Private Office"
Hospital_Affiliations,681,"Mount Auburn Hospital, Private Practice"
Hospital_Affiliations,683,"Massachusetts Eye & Ear Infirmary, Surgisite  Boston"
Hospital_Affiliations,688,"Beth Israel Deaconess Hospital, Mount Auburn Hospital, Children's Hospital Boston, Massachusetts General Hospital, Other"
Hospital_Affiliations,690,"Children's Hospital Boston, Mount Auburn Hospital, Beth Israel Deaconess Medical Center"
Hospital_Affiliations,692,"Mount Auburn Hospital, Morton Hospital & Medical Center, Cambridge Health Alliance - Cambridge Campus, Brockton Hospital, Good Samaritan Medical Center, Davita Northeast Cambridge Dialysis, New England Sinai Hospital, Spaulding Rehabilitation Hospital"
Hospital_Affiliations,693,"Mount Auburn Hospital, Harvard Vanguard Medical Assoc.- Burlington"
Hospital_Affiliations,696,"U Mass Health System, Marlborough Hosp, Columbia/MetroWest Medical Center, UMass Memorial Medical Center"
Hospital_Affiliations,697,"Lahey Clinic, Beth Israel Deaconess Medical Center"
Hospital_Affiliations,700,"Marlborough Hospital, VA West Roxbury, VA Hospital - Jamaica Plain"
Hospital_Affiliations,701,"Mount Auburn Hospital, Massachusetts General Hospital, Other, Cambridge Public Hlth Commission (The)"
Hospital_Affiliations,702,"Children's Hospital Boston, Tufts - New England Medical Center Hospitals, Other, Beth Israel Deaconess Medical Center"
Hospital_Affiliations,703,Clinton Hospital
Hospital_Affiliations,704,"Newton-Wellesley Hospital, Cambridge Health Alliance"
Hospital_Affiliations,705,"Faulkner Hospital, Cambridge Health Alliance - Cambridge Campus, Tufts - New England Medical Center Hospitals"
Hospital_Affiliations,707,"Cambridge Health Alliance, Cambridge Health Alliance"
Hospital_Affiliations,708,"South Shore Hospital, Physician's Office"
Hospital_Affiliations,709,"Winchester Hospital, Burlington OB-GYN Assoc., Inc."
Hospital_Affiliations,714,"Cambridge Health Alliance - Cambridge Campus, Cambridge Health Alliance, Women's Health Center, Revere Broadway Health Center"
Hospital_Affiliations,715,"Lahey Clinic, Harvard Vanguard Medical Assoc.- Burlington"
Hospital_Affiliations,719,"Winchester Hospital, Harvard Vanguard- Somerville, Harvard Vanguard Medical Assoc.- Burlington, Harvard Vanguard Medical Associates-Chelmsford"
Hospital_Affiliations,720,"Harvard University Health Services, Telemedicine"
Hospital_Affiliations,725,"Cambridge Health Alliance - Whidden Campus, Cambridge Health Alliance - Cambridge Campus, Emerson Hospital"
Hospital_Affiliations,727,"Mount Auburn Hospital, Massachusetts General Hospital, Clinic, Other, Cambridge Public Hlth Commission (The)"
Hospital_Affiliations,730,"UMass Health System/Clinton Hospital, UMass Memorial Medical Center"
Hospital_Affiliations,731,"Cambridge Public Hlth Commission (The), Cambridge Health Alliance - Cambridge Campus"
Hospital_Affiliations,736,"Mount Auburn Hospital, Opthalmic Consultants of Boston"
Hospital_Affiliations,738,"Lahey Clinic, Beverly Hospital, Beverly Hospital"
Hospital_Affiliations,745,"Children's Hospital Boston, Harvard University Health Services, Brigham & Women's Hospital"
Hospital_Affiliations,747,"Salem Hospital, Massachusetts General Hospital"
Hospital_Affiliations,749,"Qvest Diagnostics, Qvest Diagnostics"
Hospital_Affiliations,756,"Cambridge Health Alliance, Cambridge Health Alliance, Private Practice"
Hospital_Affiliations,759,"Harvard Vanguard Medical Associates, Children's Hospital Boston"
Hospital_Affiliations,763,"Tufts Medical Center, Self Employed"
Hospital_Affiliations,769,"St. Elizabeth's Medical Ctr of Boston, Lemuel Shattuck Hospital, Steward Carney Hospital, Mount Auburn Hospital, Steward Carney Hospital"
Hospital_Affiliations,774,"Beth Israel Deaconess Medical Center, South Cove Community Health Center, Beth Israel Deaconess Medical Center, South Cove Community Health Center, South Cove Community Health Center"
Hospital_Affiliations,776,"Spaulding Rehabilitation Hospital, Spaulding Rehabilitation Hospital"
Hospital_Affiliations,780,"Beth Israel Deaconess Medical Center, Cambridge Health Alliance - Whidden Campus, Cambridge Health Alliance - Cambridge Campus"
Hospital_Affiliations,781,HVMA
Hospital_Affiliations,783,"Children's Hospital Boston, Children's Hospital Boston"
Hospital_Affiliations,786,"Massachusetts General Hospital, Tewksbury Hospital"
Hospital_Affiliations,791,"Clinic, South Cove Community Health Center"
Hospital_Affiliations,792,"Mary Pat Roy, MD, LLC"
Hospital_Affiliations,793,"Cambridge Health Alliance, Edinburg Center- Lexington, Private Office"
Hospital_Affiliations,798,"Massachusetts Eye & Ear Infirmary, Massachusetts General Hospital"
Hospital_Affiliations,802,"Burlington OB-GYN Assoc., Inc."
Hospital_Affiliations,803,"Children's Hospital Boston, Winchester Hospital, Harvard Vanguard Medical Assoc.- Burlington"
Hospital_Affiliations,807,"McLean Hospital, Cambridge Health Alliance"
Hospital_Affiliations,820,"Cambridge Health Alliance - Whidden Campus, Cambridge Health Alliance - Cambridge Campus, Cambridge Health Alliance - Somerville Campus"
Hospital_Affiliations,825,"U Mass Health System, Marlborough Hosp, U-Mass Memorial Medical Center"
Hospital_Affiliations,826,"Lahey Clinic, Lahey Clinic, Beverly Hospital, Winchester Hospital"
Hospital_Affiliations,829,"Harvard University Health Services, Brigham & Women's Hospital, Beth Israel Deaconess Medical Center"
Hospital_Affiliations,832,"Beth Israel Deaconess Hospital-Milton, Part of Beth Israel Lahey Health"
Hospital_Affiliations,835,"Children's Hospital Boston, Children's Hospital Boston, Physician's Office"
Hospital_Affiliations,837,"Harvard Pilgrim Health Care, Private Office, Harvard Vanguard Medical Associates, Massachusetts Eye & Ear Infirmary, Harvard Vanguard- Somerville, Harvard Vanguard Medical Assoc. Kenmore, Harvard Vanguard- Somerville, Harvard Vanguard Medical Assoc. Kenmore"
Hospital_Affiliations,838,"South Shore Hospital, Private Practice"
Hospital_Affiliations,840,"Baystate Medical Center, Other, University Health Services"
Hospital_Affiliations,842,"Waltham Hospital, Mount Auburn Hospital, Newton-Wellesley Hospital"
Hospital_Affiliations,845,"Mount Auburn Hospital, Cambridge Public Hlth Commission (The), Cambridge Health Alliance"
Hospital_Affiliations,847,Lowell Community Health Center
Hospital_Affiliations,850,Milton Hospital
Hospital_Affiliations,852,"Salem Hospital, Lahey Clinic, Union Hospital"
Hospital_Affiliations,853,"Beth Israel Deaconess Medical Center, Beth Israel Deaconess Medical Center, Private Practice"
Hospital_Affiliations,854,"Marlborough Hospital, Lawrence Memorial Hospital"
Hospital_Affiliations,855,"Private Practice, North Suffolk Mental Health Boston"
Hospital_Affiliations,859,"South Shore Hospital, Quincy Hospital, Massachusetts Eye & Ear Infirmary"
Hospital_Affiliations,862,"Lemuel Shattuck Hospital, Cambridge Public Hlth Commission (The)"
Hospital_Affiliations,863,"Lahey Clinic, Children's Hospital Boston"
Hospital_Affiliations,870,"Cooley Dickinson Hospital (The), Baystate Medical Center, Holyoke Hospital, Noble Hospital, Wing Memorial Hospital, Baystate Mary Lane Hospital"
Hospital_Affiliations,872,"Harvard University Health Services, Private Practice"
Hospital_Affiliations,874,"Other, Mount Auburn Hospital"
Hospital_Affiliations,875,"South Shore Hospital, Beth Israel Deaconess Medical Center, Newton-Wellesley Hospital, Harvard Vanguard- Somerville, Harvard Vanguard Medical Associates, Harvard Vanguard Medical Associates, Beth Israel Deaconess Hospital - Milton"
Hospital_Affiliations,883,Clara Barton Camp
Hospital_Affiliations,884,"Cambridge Health Alliance - Cambridge Campus, North Shore Medical Center - Salem Hospital, North Shore Medical Center-Union Hosp"
Hospital_Affiliations,892,"Winchester Hospital, Children's Hospital Boston, Harvard Vanguard Medical Assoc."
Hospital_Affiliations,894,"Cambridge Health Alliance, Revere Broadway Health Center, Cambridge Health Alliance - Cambridge Campus"
Hospital_Affiliations,904,"U Mass Health System, Marlborough Hosp, U-Mass Memorial Medical Center, U-Mass Memorial Medical Center"
Hospital_Affiliations,906,"Mount Auburn Hospital, Children's Hospital Boston, Beth Israel Deaconess Medical Center"
Hospital_Affiliations,908,"Cooley Dickinson Hospital (The), Cooley Dickinson Hospital (The), Baystate Healthcare, Children's Hospital Boston"
Hospital_Affiliations,911,"Cooley Dickinson Hospital (The), Children's Hospital Boston, Cooley Dickinson Hospital (The)"
Hospital_Affiliations,912,"UMass Memorial Medical Center, U Mass Health System, Marlborough Hosp"
Hospital_Affiliations,917,"Mount Auburn Hospital, St. Elizabeth's Medical Ctr of Boston, Tufts - New England Medical Center Hospitals"
Hospital_Affiliations,918,"Hallmark Health -Lawrence Memorial Hospital, St. Elizabeth's Medical Ctr of Boston, Winchester Hospital"
Hospital_Affiliations,923,"UMass Memorial Health Care, UMass Memorial Medical Center"
Hospital_Affiliations,925,Charles River Hospital
Hospital_Affiliations,927,Nursing Home
Hospital_Affiliations,931,"Other, Cape Cod Eye Surgery & Laser Center"
Hospital_Affiliations,934,Riverside Community Care
Hospital_Affiliations,936,"Out of State Hospital, Harvard Pilgrim Health Care"
Hospital_Affiliations,937,"Winchester Hospital, Other, Winchester Hospital, Other"
Hospital_Affiliations,939,"Tewksbury Hospital, Cambridge Public Hlth Commission (The)"
Hospital_Affiliations,942,"Steward Carney Hospital, South Shore Hospital, Brockton Hospital, Massachusetts Eye & Ear Infirmary, Milton Hospital, Good Samaritan Medical Center, New England Eye Surgical Center, Eye Health Services, Quincy Medical Center"
Hospital_Affiliations,948,"Lahey Clinic (HMO), Emerson Hospital"
Hospital_Affiliations,949,"Mount Auburn Hospital, Brigham & Women's Hospital, Beth Israel Deaconess Medical Center"
Hospital_Affiliations,952,"Hallmark Health -Lawrence Memorial Hospital, St. Elizabeth's Medical Ctr of Boston, Winchester Hospital, Other"
Hospital_Affiliations,953,"Emerson Hospital, Mount Auburn Hospital, Harvard Vanguard Medical Associates"
Hospital_Affiliations,956,"Faulkner Hospital, New England Sinai Hosp & Rehab Center, Boston Medical Center"
Hospital_Affiliations,963,U-Mass Memorial Medical Center
Hospital_Affiliations,964,"U Mass Health System, Marlborough Hosp, UMass Memorial Medical Center, Columbia/MetroWest Medical Center"
Hospital_Affiliations,965,Compass Medical
Hospital_Affiliations,966,"Milton Hospital, Beth Israel Deaconess Medical Center, Harvard Vanguard Medical Associates, Beverly Hospital, BID Needham, Quality Care Dialysis Ctr, South Suburban Dialysis"
Hospital_Affiliations,967,"Massachusetts General Hospital, Cambridge Health Alliance - Cambridge Campus, Cambridge Health Alliance - Somerville Campus, Cambridge Health Alliance - Whidden Campus, Cambridge Health Alliance"
Hospital_Affiliations,979,"Massachusetts Eye & Ear Infirmary, Tufts - New England Medical Center Hospitals, Lahey Clinic"
Hospital_Affiliations,985,"Melrose-Wakefield Hospital, Mount Auburn Hospital, Winchester Hospital, New England Surgicare, Hallmark Health System, Inc."
Hospital_Affiliations,990,"Telemedicine, Harvard University Health Services"
Hospital_Affiliations,991,"Massachusetts General Hospital, Cambridge Health Alliance - Somerville Campus, Cambridge Health Alliance - Cambridge Campus"
Hospital_Affiliations,993,"Harvard University Health Services, Brigham & Women's Hospital"
Hospital_Affiliations,994,"Children's Hospital Boston, Franciscan Hospital for Children, Inc, Brigham & Women's Hospital"
Hospital_Affiliations,996,"Private Office, Private Office, Primary Office"
Hospital_Affiliations,997,"Mount Auburn Hospital, Part of Beth Israel Lahey Health"
Hospital_Affiliations,1000,"Melrose-Wakefield Hospital, Mount Auburn Hospital"
Hospital_Affiliations,1002,"Steward Carney Hospital, South Shore Hospital, New England Eye Surgical Center, Steward St. Elizabeth's Medical Center of Boston, Beth Israel Deaconess Hospital - Milton"
Hospital_Affiliations,1005,East Cambridge Health Center
Hospital_Affiliations,1006,"Massachusetts General Hospital, Bay State Community Health Services, Massachusetts General Hospital"
Hospital_Affiliations,1008,"Private Practice, Private Practice"
Hospital_Affiliations,1010,"U Mass Health System, Marlborough Hosp, Saint Vincent Hospital, U-Mass Memorial Medical Center, office, Offfice/private practice"
Hospital_Affiliations,1012,"Steward St. Elizabeth's Medical Center of Boston, Steward Medical Group, Steward Medical Group"
Hospital_Affiliations,1013,"Cambridge Health Alliance - Cambridge Campus, Tewksbury Hospital, Columbia/MetroWest Medical Center"
Hospital_Affiliations,1020,"Beverly Hospital, Addison Gilbert Hospital, Cambridge Health Alliance"
Hospital_Affiliations,1030,Dana Farber Cancer Institute
Hospital_Affiliations,1033,"South Shore Hospital, Harvard Vanguard Medical Associates"
Hospital_Affiliations,1038,"Harvard Vanguard Medical Associates, Harvard Vanguard- Somerville, Beth Israel Deaconess Medical Center"
Hospital_Affiliations,1039,"Newton-Wellesley Hospital, Baystate Medical Center"
Hospital_Affiliations,1042,"Baystate Franklin Medical Center, Cooley Dickinson Hospital (The), Berkshire Medical Center"
Hospital_Affiliations,1043,"Massachusetts General Hospital, Erich Lindemann Mental Health Center"
Hospital_Affiliations,1045,"Cambridge Health Alliance - Whidden Campus, Cambridge Health Alliance - Cambridge Campus"
Hospital_Affiliations,1046,"Lahey Clinic, Harvard Vanguard- Peabody, Winchester Hospital"
Hospital_Affiliations,1051,"Winchester Hospital, Winchester Hospital, Blue Cross/Blue Shield of Mass"
Hospital_Affiliations,1053,"Milton Hospital, South Shore Hospital"
Hospital_Affiliations,1054,"Winchester Hospital, Children's Hospital Boston"
Hospital_Affiliations,1056,"Other, Cambridge Public Hlth Commission (The)"
Hospital_Affiliations,1059,"Lahey Clinic, VA Boston Health Care System, Lahey Clinic"
Hospital_Affiliations,1060,"Cambridge Health Alliance - Whidden Campus, Mount Auburn Hospital, Cambridge Health Alliance - Cambridge Campus, Winchester Hospital"
Hospital_Affiliations,1064,"Beth Israel Deaconess Medical Center, Cambridge Health Alliance, Mount Auburn Hospital, South Cove Community Health Center"
City,0,Acton
City,1,Cambridge
City,3,Marlborough
City,4,cambridge
City,6,Burlington
City,19,Quincy
City,43,Northampton
City,98,CLINTON
City,150,Clinton
City,173,Lincoln
City,184,burlington
City,284,NORTHAMPTON
City,286,CAMBRIDGE
City,372,BURLINGTON
City,521,quincy
State,0,MA
State,18,VT
State,56,AL
State,98,MD
State,198,SC
State,235,RI
State,374,WI
State,604,NE
State,774,MO
ZipCode,0,1720
ZipCode,1,2141
ZipCode,2,2139
ZipCode,3,1752
ZipCode,6,1803
ZipCode,7,1805
ZipCode,8,2130
ZipCode,18,5401
ZipCode,19,2169
ZipCode,23,2459
ZipCode,25,2140
ZipCode,28,2138
ZipCode,43,1060
ZipCode,71,5405
ZipCode,76,2142
ZipCode,90,2238
ZipCode,98,2073
ZipCode,116,2149
ZipCode,139,5477
ZipCode,150,1510
ZipCode,173,1773
ZipCode,189,2171
ZipCode,198,2932
ZipCode,235,2865
ZipCode,312,0
ZipCode,318,2482
ZipCode,374,5310
ZipCode,400,2114
ZipCode,437,2451
ZipCode,446,2144
ZipCode,447,2109
ZipCode,448,1062
ZipCode,450,1545
ZipCode,456,1061
ZipCode,475,2215
ZipCode,604,6850
ZipCode,605,5465
ZipCode,701,2170
ZipCode,753,1802
ZipCode,761,1039
ZipCode,774,2161
ZipCode,810,2135
ZipCode,844,1910
ZipCode,899,6851
ZipCode,939,2318
ZipCode,941,5500
ZipCode,958,1850
ZipCode,1023,1890
