ID,Name,Username,Email,Address,PhoneNumber,Company
1,Leanne Graham,Bret,Sincere@april.biz,"Kulas Light, Apt. 556, Gwenborough",1-770-736-8031 x56442,Romaguera-Crona
2,Ervin Howell,Antonette,Shanna@melissa.tv,"Victor Plains, Suite 879, Wisokyburgh",010-692-6593 x09125,Deckow-Crist
3,Clementine Bauch,Samantha,Nathan@yesenia.net,"Douglas Extension, Suite 847, McKenziehaven",1-463-123-4447,Romaguera-Jacobson
4,Patricia Lebsack,Karianne,Julianne.OConner@kory.org,"Hoeger Mall, Apt. 692, South Elvis",493-170-9623 x156,Robel-Corkery
5,Chelsey Dietrich,Kamren,Lucio_Hettinger@annie.ca,"Skiles Walks, Suite 351, Roscoeview",(254)954-1289,Keebler LLC
6,Mrs. Dennis Schulist,Leopoldo_Corkery,Karley_Dach@jasper.info,"Norberto Crossing, Apt. 950, South Christy",1-477-935-8478 x6430,Considine-Lockman
7,Kurtis Weissnat,Elwyn.Skiles,Telly.Hoeger@billy.biz,"Rex Trail, Suite 280, Howemouth",210.067.6132,Johns Group
8,Nicholas Runolfsdottir V,Maxime_Nienow,Sherwood@rosamond.me,"Ellsworth Summit, Suite 729, Aliyaview",586.493.6943 x140,Abernathy Group
9,Glenna Reichert,Delphine,Chaim_McDermott@dana.io,"Dayna Park, Suite 449, Bartholomebury",(775)976-6794 x41206,Yost and Sons
10,Clementina DuBuque,Moriah.Stanton,Rey.Padberg@karina.biz,"Kattie Turnpike, Suite 198, Lebsackbury",024-648-3804,Hoeger LLC
